,chromosome,strand,start_cr,stop_cr,start_term,stop_term,start,stop,n_terminus,id,in_frame,strain,species
0,NZ_CP009421.1,-1,578798.0,578823.0,578075.0,578093.0,578076.0,578848.0,578784.0,NM3683_opa_1,0.0,NM3683,Neisseria meningitidis
1,NZ_CP009421.1,-1,1095337.0,1095397.0,1094614.0,1094632.0,1094615.0,1095422.0,1095323.0,NM3683_opa_2,1.0,NM3683,Neisseria meningitidis
2,NZ_CP009421.1,1,1266855.0,1266885.0,1267596.0,1267614.0,1266831.0,1267613.0,1266899.0,NM3683_opa_3,0.0,NM3683,Neisseria meningitidis
3,NZ_CP009421.1,1,1446852.0,1446892.0,1447603.0,1447621.0,1446828.0,1447620.0,1446906.0,NM3683_opa_4,1.0,NM3683,Neisseria meningitidis
4,NZ_CP016880.1,-1,572784.0,572819.0,572052.0,572070.0,572053.0,572843.0,572770.0,M07165_opa_1,0.0,M07165,Neisseria meningitidis
5,NZ_CP016880.1,-1,1111256.0,1111351.0,1110533.0,1110551.0,1110534.0,1111376.0,1111242.0,M07165_opa_2,0.0,M07165,Neisseria meningitidis
6,NZ_CP016880.1,1,1282197.0,1282247.0,1282967.0,1282985.0,1282173.0,1282984.0,1282261.0,M07165_opa_3,0.0,M07165,Neisseria meningitidis
7,NZ_CP016880.1,1,1459913.0,1459953.0,1460685.0,1460703.0,1459889.0,1460702.0,1459967.0,M07165_opa_4,1.0,M07165,Neisseria meningitidis
8,NZ_CP016675.1,-1,569529.0,569544.0,568797.0,568815.0,568798.0,569568.0,569515.0,M07161_opa_1,0.0,M07161,Neisseria meningitidis
9,NZ_CP016675.1,-1,1071123.0,1071188.0,1070400.0,1070418.0,1070401.0,1071213.0,1071109.0,M07161_opa_2,0.0,M07161,Neisseria meningitidis
10,NZ_CP016675.1,1,1242040.0,1242095.0,1242797.0,1242815.0,1242016.0,1242814.0,1242109.0,M07161_opa_3,1.0,M07161,Neisseria meningitidis
11,NZ_CP016675.1,1,1421431.0,1421481.0,1422213.0,1422231.0,1421407.0,1422230.0,1421495.0,M07161_opa_4,0.0,M07161,Neisseria meningitidis
12,NZ_CP096117.1,-1,,,581237.0,581255.0,,,,,,DFS-1910310016,Neisseria meningitidis
13,NZ_CP096117.1,-1,1105844.0,1105899.0,1105121.0,1105139.0,1105122.0,1105923.0,1105830.0,DFS-1910310016_opa_1,1.0,DFS-1910310016,Neisseria meningitidis
14,NZ_CP096117.1,1,1278669.0,1278709.0,1279435.0,1279453.0,1278645.0,1279452.0,1278723.0,DFS-1910310016_opa_2,1.0,DFS-1910310016,Neisseria meningitidis
15,NZ_CP096117.1,1,1460155.0,1460185.0,1460911.0,1460929.0,1460131.0,1460928.0,1460199.0,DFS-1910310016_opa_3,0.0,DFS-1910310016,Neisseria meningitidis
16,NZ_CP012393.1,-1,577524.0,577574.0,576795.0,576813.0,576796.0,577599.0,577510.0,DE8555_opa_1,0.0,DE8555,Neisseria meningitidis
17,NZ_CP012393.1,-1,1116322.0,1116402.0,1115599.0,1115617.0,1115600.0,1116427.0,1116308.0,DE8555_opa_2,0.0,DE8555,Neisseria meningitidis
18,NZ_CP012393.1,1,1285265.0,1285310.0,1286021.0,1286039.0,1285241.0,1286038.0,1285324.0,DE8555_opa_3,0.0,DE8555,Neisseria meningitidis
19,NZ_CP012393.1,1,1469836.0,1469876.0,1470608.0,1470626.0,1469812.0,1470625.0,1469890.0,DE8555_opa_4,1.0,DE8555,Neisseria meningitidis
20,NZ_CP030814.1,-1,571286.0,571316.0,570554.0,570572.0,570555.0,571340.0,571272.0,16-579_opa_1,0.0,16-579,Neisseria meningitidis
21,NZ_CP030814.1,-1,1086929.0,1086984.0,1086203.0,1086221.0,1086204.0,1087009.0,1086915.0,16-579_opa_2,0.0,16-579,Neisseria meningitidis
22,NZ_CP030814.1,1,1257621.0,1257661.0,1258369.0,1258387.0,1257596.0,1258386.0,1257675.0,16-579_opa_3,0.0,16-579,Neisseria meningitidis
23,NZ_CP030814.1,1,1438989.0,1439044.0,1439758.0,1439776.0,1438965.0,1439775.0,1439058.0,16-579_opa_4,1.0,16-579,Neisseria meningitidis
24,NC_017513.1,-1,592247.0,592292.0,591506.0,591524.0,591507.0,592316.0,592233.0,G2136_opa_1,0.0,G2136,Neisseria meningitidis
25,NC_017513.1,-1,1101633.0,1101673.0,1100913.0,1100931.0,1100914.0,1101698.0,1101619.0,G2136_opa_2,0.0,G2136,Neisseria meningitidis
26,NC_017513.1,1,1275479.0,1275529.0,1276234.0,1276252.0,1275455.0,1276251.0,1275543.0,G2136_opa_3,0.0,G2136,Neisseria meningitidis
27,NC_017513.1,1,1449544.0,1449584.0,1450307.0,1450325.0,1449520.0,1450324.0,1449598.0,G2136_opa_4,1.0,G2136,Neisseria meningitidis
28,NZ_CP031328.1,-1,606224.0,606264.0,605495.0,605513.0,605496.0,606288.0,606210.0,M18755_opa_1,1.0,M18755,Neisseria meningitidis
29,NZ_CP031328.1,-1,1096294.0,1096349.0,1095553.0,1095571.0,1095554.0,1096373.0,1096280.0,M18755_opa_2,1.0,M18755,Neisseria meningitidis
30,NZ_CP031328.1,1,1266125.0,1266205.0,1266934.0,1266952.0,1266100.0,1266951.0,1266219.0,M18755_opa_3,0.0,M18755,Neisseria meningitidis
31,NZ_CP031328.1,1,,,1441985.0,1442003.0,,,,,,M18755,Neisseria meningitidis
32,NZ_CP016665.1,-1,571381.0,571396.0,570649.0,570667.0,570650.0,571420.0,571367.0,M09261_opa_1,0.0,M09261,Neisseria meningitidis
33,NZ_CP016665.1,-1,1072996.0,1073066.0,1072273.0,1072291.0,1072274.0,1073091.0,1072982.0,M09261_opa_2,0.0,M09261,Neisseria meningitidis
34,NZ_CP016665.1,1,1243914.0,1243959.0,1244661.0,1244679.0,1243890.0,1244678.0,1243973.0,M09261_opa_3,0.0,M09261,Neisseria meningitidis
35,NZ_CP016665.1,1,1423141.0,1423181.0,1423913.0,1423931.0,1423117.0,1423930.0,1423195.0,M09261_opa_4,1.0,M09261,Neisseria meningitidis
36,NC_017518.1,-1,569849.0,569884.0,569138.0,569156.0,569139.0,569908.0,569835.0,NZ-05_33_opa_1,0.0,NZ-05_33,Neisseria meningitidis
37,NC_017518.1,-1,1081264.0,1081304.0,1080517.0,1080535.0,1080518.0,1081329.0,1081250.0,NZ-05_33_opa_2,0.0,NZ-05_33,Neisseria meningitidis
38,NC_017518.1,1,1272871.0,1272891.0,1273620.0,1273638.0,1272846.0,1273637.0,1272905.0,NZ-05_33_opa_3,0.0,NZ-05_33,Neisseria meningitidis
39,NC_017518.1,1,1515524.0,1515559.0,1516288.0,1516306.0,1515500.0,1516305.0,1515573.0,NZ-05_33_opa_4,0.0,NZ-05_33,Neisseria meningitidis
40,NZ_CP020421.2,-1,306248.0,306283.0,305507.0,305525.0,305508.0,306308.0,306234.0,FDAARGOS_210_opa_1,0.0,FDAARGOS_210,Neisseria meningitidis
41,NZ_CP020421.2,1,491220.0,491280.0,492003.0,492021.0,491196.0,492020.0,491294.0,FDAARGOS_210_opa_2,0.0,FDAARGOS_210,Neisseria meningitidis
42,NZ_CP020421.2,1,1066065.0,1066145.0,1066847.0,1066865.0,1066040.0,1066864.0,1066159.0,FDAARGOS_210_opa_3,0.0,FDAARGOS_210,Neisseria meningitidis
43,NZ_CP020421.2,1,1551187.0,1551237.0,1551942.0,1551960.0,1551162.0,1551959.0,1551251.0,FDAARGOS_210_opa_4,0.0,FDAARGOS_210,Neisseria meningitidis
44,NZ_CP016681.1,-1,571498.0,571553.0,570766.0,570784.0,570767.0,571577.0,571484.0,M08000_opa_1,1.0,M08000,Neisseria meningitidis
45,NZ_CP016681.1,-1,1073142.0,1073197.0,1072419.0,1072437.0,1072420.0,1073222.0,1073128.0,M08000_opa_2,0.0,M08000,Neisseria meningitidis
46,NZ_CP016681.1,1,1244045.0,1244110.0,1244812.0,1244830.0,1244021.0,1244829.0,1244124.0,M08000_opa_3,0.0,M08000,Neisseria meningitidis
47,NZ_CP016681.1,1,1423291.0,1423331.0,1424063.0,1424081.0,1423267.0,1424080.0,1423345.0,M08000_opa_4,1.0,M08000,Neisseria meningitidis
48,NZ_CP021519.1,-1,547708.0,547748.0,546985.0,547003.0,546986.0,547773.0,547694.0,11-14_opa_1,0.0,11-14,Neisseria meningitidis
49,NZ_CP021519.1,-1,1075849.0,1075899.0,1075117.0,1075135.0,1075118.0,1075924.0,1075835.0,11-14_opa_2,0.0,11-14,Neisseria meningitidis
50,NZ_CP021519.1,1,1247722.0,1247767.0,1248493.0,1248511.0,1247697.0,1248510.0,1247781.0,11-14_opa_3,1.0,11-14,Neisseria meningitidis
51,NZ_CP021519.1,1,1417855.0,1417930.0,1418641.0,1418659.0,1417830.0,1418658.0,1417944.0,11-14_opa_4,1.0,11-14,Neisseria meningitidis
52,NZ_CP012394.1,-1,577613.0,577658.0,576884.0,576902.0,576885.0,577683.0,577599.0,WUE2121_opa_1,1.0,WUE2121,Neisseria meningitidis
53,NZ_CP012394.1,-1,1115354.0,1115389.0,1114631.0,1114649.0,1114632.0,1115414.0,1115340.0,WUE2121_opa_2,0.0,WUE2121,Neisseria meningitidis
54,NZ_CP012394.1,1,1285560.0,1285596.0,1286307.0,1286325.0,1285536.0,1286324.0,1285610.0,WUE2121_opa_3,0.0,WUE2121,Neisseria meningitidis
55,NZ_CP012394.1,1,1470140.0,1470180.0,1470912.0,1470930.0,1470116.0,1470929.0,1470194.0,WUE2121_opa_4,1.0,WUE2121,Neisseria meningitidis
56,NZ_CP009418.1,-1,578702.0,578737.0,577970.0,577988.0,577971.0,578761.0,578688.0,NM3686_opa_1,0.0,NM3686,Neisseria meningitidis
57,NZ_CP009418.1,-1,1092653.0,1092723.0,1091909.0,1091927.0,1091910.0,1092748.0,1092639.0,NM3686_opa_2,0.0,NM3686,Neisseria meningitidis
58,NZ_CP009418.1,1,1263644.0,1263689.0,1264397.0,1264415.0,1263619.0,1264414.0,1263703.0,NM3686_opa_3,1.0,NM3686,Neisseria meningitidis
59,NZ_CP009418.1,1,1444088.0,1444158.0,1444890.0,1444908.0,1444064.0,1444907.0,1444172.0,NM3686_opa_4,1.0,NM3686,Neisseria meningitidis
60,NZ_CP045960.1,-1,554848.0,554888.0,554125.0,554143.0,554126.0,554913.0,554834.0,AUSMDU00005726_opa_1,0.0,AUSMDU00005726,Neisseria meningitidis
61,NZ_CP045960.1,-1,1081841.0,1081906.0,1081111.0,1081129.0,1081112.0,1081931.0,1081827.0,AUSMDU00005726_opa_2,0.0,AUSMDU00005726,Neisseria meningitidis
62,NZ_CP045960.1,1,1254305.0,1254350.0,1255070.0,1255088.0,1254280.0,1255087.0,1254364.0,AUSMDU00005726_opa_3,1.0,AUSMDU00005726,Neisseria meningitidis
63,NZ_CP045960.1,1,1422926.0,1422951.0,1423662.0,1423680.0,1422901.0,1423679.0,1422965.0,AUSMDU00005726_opa_4,0.0,AUSMDU00005726,Neisseria meningitidis
64,NZ_CP031325.1,-1,585204.0,585244.0,584526.0,584544.0,584527.0,585270.0,585190.0,M18661_opa_1,0.0,M18661,Neisseria polysaccharea
65,NZ_CP016670.1,-1,573098.0,573113.0,572366.0,572384.0,572367.0,573137.0,573084.0,M25087_opa_1,0.0,M25087,Neisseria meningitidis
66,NZ_CP016670.1,-1,1074809.0,1074889.0,1074077.0,1074095.0,1074078.0,1074914.0,1074795.0,M25087_opa_2,0.0,M25087,Neisseria meningitidis
67,NZ_CP016670.1,1,1245758.0,1245823.0,1246534.0,1246552.0,1245734.0,1246551.0,1245837.0,M25087_opa_3,0.0,M25087,Neisseria meningitidis
68,NZ_CP016670.1,1,1426041.0,1426071.0,1426800.0,1426818.0,1426017.0,1426817.0,1426085.0,M25087_opa_4,0.0,M25087,Neisseria meningitidis
69,NZ_CP031331.1,-1,,,598562.0,598580.0,,,,,,M26263,Neisseria meningitidis
70,NZ_CP031331.1,-1,1108531.0,1108571.0,1107808.0,1107826.0,1107809.0,1108596.0,1108517.0,M26263_opa_1,0.0,M26263,Neisseria meningitidis
71,NZ_CP031331.1,1,1282080.0,1282115.0,1282826.0,1282844.0,1282056.0,1282843.0,1282129.0,M26263_opa_2,0.0,M26263,Neisseria meningitidis
72,NZ_CP031331.1,1,1464005.0,1464045.0,1464771.0,1464789.0,1463981.0,1464788.0,1464059.0,M26263_opa_3,1.0,M26263,Neisseria meningitidis
73,NC_008767.1,-1,580286.0,580326.0,579563.0,579581.0,579564.0,580351.0,580272.0,FAM18_opa_1,0.0,FAM18,Neisseria meningitidis
74,NC_008767.1,-1,1082772.0,1082827.0,1082049.0,1082067.0,1082050.0,1082851.0,1082758.0,FAM18_opa_2,1.0,FAM18,Neisseria meningitidis
75,NC_008767.1,1,1253317.0,1253347.0,1254070.0,1254088.0,1253293.0,1254087.0,1253361.0,FAM18_opa_3,0.0,FAM18,Neisseria meningitidis
76,NC_008767.1,1,1430055.0,1430110.0,1430833.0,1430851.0,1430031.0,1430850.0,1430124.0,FAM18_opa_4,1.0,FAM18,Neisseria meningitidis
77,NZ_CP030823.1,-1,579317.0,579352.0,578585.0,578603.0,578586.0,579376.0,579303.0,14-627_opa_1,0.0,14-627,Neisseria meningitidis
78,NZ_CP030823.1,-1,1102202.0,1102247.0,1101476.0,1101494.0,1101477.0,1102272.0,1102188.0,14-627_opa_2,1.0,14-627,Neisseria meningitidis
79,NZ_CP030823.1,1,1281002.0,1281062.0,1281770.0,1281788.0,1280977.0,1281787.0,1281076.0,14-627_opa_3,1.0,14-627,Neisseria meningitidis
80,NZ_CP030823.1,1,1454348.0,1454383.0,1455097.0,1455115.0,1454324.0,1455114.0,1454397.0,14-627_opa_4,0.0,14-627,Neisseria meningitidis
81,NZ_CP031334.1,-1,328948.0,328988.0,328204.0,328222.0,328205.0,329013.0,328934.0,M22293_opa_1,0.0,M22293,Neisseria meningitidis
82,NZ_CP031334.1,1,522244.0,522334.0,523060.0,523078.0,522220.0,523077.0,522348.0,M22293_opa_2,0.0,M22293,Neisseria meningitidis
83,NZ_CP031334.1,1,1053327.0,1053367.0,1054078.0,1054096.0,1053303.0,1054095.0,1053381.0,M22293_opa_3,1.0,M22293,Neisseria meningitidis
84,NZ_CP031334.1,1,1565799.0,1565879.0,1566587.0,1566605.0,1565775.0,1566604.0,1565893.0,M22293_opa_4,0.0,M22293,Neisseria meningitidis
85,NZ_CP016881.1,-1,571316.0,571331.0,570584.0,570602.0,570585.0,571355.0,571302.0,M07999_opa_1,0.0,M07999,Neisseria meningitidis
86,NZ_CP016881.1,-1,1072897.0,1072957.0,1072174.0,1072192.0,1072175.0,1072982.0,1072883.0,M07999_opa_2,1.0,M07999,Neisseria meningitidis
87,NZ_CP016881.1,1,1243909.0,1243979.0,1244681.0,1244699.0,1243885.0,1244698.0,1243993.0,M07999_opa_3,1.0,M07999,Neisseria meningitidis
88,NZ_CP016881.1,1,1423161.0,1423241.0,1423973.0,1423991.0,1423137.0,1423990.0,1423255.0,M07999_opa_4,0.0,M07999,Neisseria meningitidis
89,NZ_CP016661.1,-1,573878.0,573893.0,573146.0,573164.0,573147.0,573917.0,573864.0,M25438_opa_1,0.0,M25438,Neisseria meningitidis
90,NZ_CP016661.1,-1,1075645.0,1075700.0,1074922.0,1074940.0,1074923.0,1075725.0,1075631.0,M25438_opa_2,0.0,M25438,Neisseria meningitidis
91,NZ_CP016661.1,1,1246570.0,1246615.0,1247320.0,1247338.0,1246546.0,1247337.0,1246629.0,M25438_opa_3,0.0,M25438,Neisseria meningitidis
92,NZ_CP016661.1,1,1427911.0,1427941.0,1428670.0,1428688.0,1427887.0,1428687.0,1427955.0,M25438_opa_4,0.0,M25438,Neisseria meningitidis
93,NZ_CP031333.1,-1,640337.0,640387.0,639608.0,639626.0,639609.0,640412.0,640323.0,M18727_opa_1,0.0,M18727,Neisseria meningitidis
94,NZ_CP031333.1,1,1362649.0,1362709.0,1363426.0,1363444.0,1362624.0,1363443.0,1362723.0,M18727_opa_2,1.0,M18727,Neisseria meningitidis
95,NZ_CP031333.1,1,1550726.0,1550811.0,1551528.0,1551546.0,1550701.0,1551545.0,1550825.0,M18727_opa_3,0.0,M18727,Neisseria meningitidis
96,NC_010120.1,-1,549976.0,550041.0,549238.0,549256.0,549239.0,550066.0,549962.0,53442_opa_1,0.0,53442,Neisseria meningitidis
97,NC_010120.1,-1,1077031.0,1077096.0,1076281.0,1076299.0,1076282.0,1077121.0,1077017.0,53442_opa_2,0.0,53442,Neisseria meningitidis
98,NC_010120.1,1,1243500.0,1243545.0,1244241.0,1244259.0,1243475.0,1244258.0,1243559.0,53442_opa_3,1.0,53442,Neisseria meningitidis
99,NC_010120.1,1,1419225.0,1419280.0,1420006.0,1420024.0,1419201.0,1420023.0,1419294.0,53442_opa_4,1.0,53442,Neisseria meningitidis
100,NZ_LR590477.1,-1,329102.0,329143.0,328406.0,328424.0,328407.0,329169.0,329088.0,NCTC10617_opa_1,1.0,NCTC10617,Neisseria lactamica
101,NZ_LR590477.1,-1,1437712.0,1437792.0,1437031.0,1437049.0,1437032.0,1437814.0,1437698.0,NCTC10617_opa_2,0.0,NCTC10617,Neisseria lactamica
102,NZ_CP031326.1,-1,,,579743.0,579761.0,,,,,,M21374,Neisseria meningitidis
103,NZ_CP031326.1,-1,1103572.0,1103742.0,1102849.0,1102867.0,1102850.0,1103767.0,1103558.0,M21374_opa_1,0.0,M21374,Neisseria meningitidis
104,NZ_CP031326.1,1,1277061.0,1277101.0,1277824.0,1277842.0,1277036.0,1277841.0,1277115.0,M21374_opa_2,0.0,M21374,Neisseria meningitidis
105,NZ_CP031326.1,1,1458215.0,1458280.0,1459006.0,1459024.0,1458191.0,1459023.0,1458294.0,M21374_opa_3,0.0,M21374,Neisseria meningitidis
106,NZ_CP065653.1,-1,544095.0,544130.0,543366.0,543384.0,543367.0,544155.0,544081.0,FDAARGOS_914_opa_1,0.0,FDAARGOS_914,Neisseria meningitidis
107,NZ_CP065653.1,-1,1078801.0,1078856.0,1078093.0,1078111.0,1078094.0,1078881.0,1078787.0,FDAARGOS_914_opa_2,0.0,FDAARGOS_914,Neisseria meningitidis
108,NZ_CP065653.1,1,1285958.0,1286023.0,1286743.0,1286761.0,1285934.0,1286760.0,1286037.0,FDAARGOS_914_opa_3,0.0,FDAARGOS_914,Neisseria meningitidis
109,NZ_CP065653.1,1,1456996.0,1457031.0,1457742.0,1457760.0,1456971.0,1457759.0,1457045.0,FDAARGOS_914_opa_4,0.0,FDAARGOS_914,Neisseria meningitidis
110,NZ_CP015886.1,-1,567858.0,567878.0,567126.0,567144.0,567127.0,567903.0,567844.0,38277_opa_1,0.0,38277,Neisseria meningitidis
111,NZ_CP015886.1,-1,1092112.0,1092167.0,1091389.0,1091407.0,1091390.0,1092192.0,1092098.0,38277_opa_2,0.0,38277,Neisseria meningitidis
112,NZ_CP015886.1,1,1308204.0,1308254.0,1308959.0,1308977.0,1308179.0,1308976.0,1308268.0,38277_opa_3,0.0,38277,Neisseria meningitidis
113,NZ_CP015886.1,1,1550850.0,1550895.0,1551609.0,1551627.0,1550825.0,1551626.0,1550909.0,38277_opa_4,1.0,38277,Neisseria meningitidis
114,NZ_CP007524.1,-1,548750.0,548770.0,548012.0,548030.0,548013.0,548795.0,548736.0,510612_opa_1,0.0,510612,Neisseria meningitidis
115,NZ_CP007524.1,-1,1080978.0,1081018.0,1080270.0,1080288.0,1080271.0,1081043.0,1080964.0,510612_opa_2,0.0,510612,Neisseria meningitidis
116,NZ_CP007524.1,1,1286475.0,1286500.0,1287190.0,1287208.0,1286450.0,1287207.0,1286514.0,510612_opa_3,0.0,510612,Neisseria meningitidis
117,NZ_CP007524.1,1,1456966.0,1457021.0,1457732.0,1457750.0,1456941.0,1457749.0,1457035.0,510612_opa_4,0.0,510612,Neisseria meningitidis
118,NZ_CP016669.1,-1,570860.0,570900.0,570122.0,570140.0,570123.0,570924.0,570846.0,M22759_opa_1,1.0,M22759,Neisseria meningitidis
119,NZ_CP016669.1,-1,1072350.0,1072470.0,1071627.0,1071645.0,1071628.0,1072495.0,1072336.0,M22759_opa_2,1.0,M22759,Neisseria meningitidis
120,NZ_CP016669.1,1,1243308.0,1243338.0,1244043.0,1244061.0,1243284.0,1244060.0,1243352.0,M22759_opa_3,0.0,M22759,Neisseria meningitidis
121,NZ_CP016669.1,1,1422244.0,1422304.0,1423036.0,1423054.0,1422220.0,1423053.0,1422318.0,M22759_opa_4,0.0,M22759,Neisseria meningitidis
122,NZ_CP045961.1,-1,569820.0,569870.0,569088.0,569106.0,569089.0,569894.0,569806.0,AUSMDU00010537_opa_1,0.0,AUSMDU00010537,Neisseria meningitidis
123,NZ_CP045961.1,-1,1099544.0,1099594.0,1098818.0,1098836.0,1098819.0,1099619.0,1099530.0,AUSMDU00010537_opa_2,0.0,AUSMDU00010537,Neisseria meningitidis
124,NZ_CP045961.1,1,1271060.0,1271115.0,1271823.0,1271841.0,1271035.0,1271840.0,1271129.0,AUSMDU00010537_opa_3,0.0,AUSMDU00010537,Neisseria meningitidis
125,NZ_CP045961.1,1,1444068.0,1444108.0,1444828.0,1444846.0,1444044.0,1444845.0,1444122.0,AUSMDU00010537_opa_4,1.0,AUSMDU00010537,Neisseria meningitidis
126,NZ_CP016683.1,-1,572541.0,572556.0,571809.0,571827.0,571810.0,572580.0,572527.0,M22191_opa_1,0.0,M22191,Neisseria meningitidis
127,NZ_CP016683.1,-1,1074199.0,1074239.0,1073476.0,1073494.0,1073477.0,1074264.0,1074185.0,M22191_opa_2,0.0,M22191,Neisseria meningitidis
128,NZ_CP016683.1,1,1244977.0,1245012.0,1245717.0,1245735.0,1244953.0,1245734.0,1245026.0,M22191_opa_3,0.0,M22191,Neisseria meningitidis
129,NZ_CP016683.1,1,1424196.0,1424251.0,1424983.0,1425001.0,1424172.0,1425000.0,1424265.0,M22191_opa_4,1.0,M22191,Neisseria meningitidis
130,NZ_CP019894.1,-1,733513.0,733558.0,732829.0,732847.0,732830.0,733580.0,733499.0,Y92-1009_opa_1,1.0,Y92-1009,Neisseria lactamica
131,NZ_CP019894.1,-1,1173301.0,1173337.0,1172614.0,1172632.0,1172615.0,1173363.0,1173287.0,Y92-1009_opa_2,0.0,Y92-1009,Neisseria lactamica
132,NZ_CP007667.1,-1,589789.0,589829.0,589060.0,589078.0,589061.0,589853.0,589775.0,B6116_77_opa_1,1.0,B6116_77,Neisseria meningitidis
133,NZ_CP007667.1,-1,1108820.0,1108865.0,1108100.0,1108118.0,1108101.0,1108890.0,1108806.0,B6116_77_opa_2,1.0,B6116_77,Neisseria meningitidis
134,NZ_CP007667.1,1,1279135.0,1279185.0,1279902.0,1279920.0,1279110.0,1279919.0,1279199.0,B6116_77_opa_3,0.0,B6116_77,Neisseria meningitidis
135,NZ_CP007667.1,1,1452996.0,1453026.0,1453737.0,1453755.0,1452972.0,1453754.0,1453040.0,B6116_77_opa_4,0.0,B6116_77,Neisseria meningitidis
136,NZ_CP023814.1,-1,,,582170.0,582188.0,,,,,,M26417,Neisseria meningitidis
137,NZ_CP023814.1,-1,1092144.0,1092184.0,1091421.0,1091439.0,1091422.0,1092209.0,1092130.0,M26417_opa_1,0.0,M26417,Neisseria meningitidis
138,NZ_CP023814.1,1,1265694.0,1265729.0,1266440.0,1266458.0,1265670.0,1266457.0,1265743.0,M26417_opa_2,0.0,M26417,Neisseria meningitidis
139,NZ_CP023814.1,1,1447620.0,1447660.0,1448386.0,1448404.0,1447596.0,1448403.0,1447674.0,M26417_opa_3,1.0,M26417,Neisseria meningitidis
140,NZ_CP064367.1,-1,544096.0,544131.0,543367.0,543385.0,543368.0,544156.0,544082.0,PartJ-Nmeningitidis-RM8376_opa_1,0.0,PartJ-Nmeningitidis-RM8376,Neisseria meningitidis
141,NZ_CP064367.1,-1,1078801.0,1078856.0,1078093.0,1078111.0,1078094.0,1078881.0,1078787.0,PartJ-Nmeningitidis-RM8376_opa_2,0.0,PartJ-Nmeningitidis-RM8376,Neisseria meningitidis
142,NZ_CP064367.1,1,1285959.0,1286024.0,1286744.0,1286762.0,1285935.0,1286761.0,1286038.0,PartJ-Nmeningitidis-RM8376_opa_3,0.0,PartJ-Nmeningitidis-RM8376,Neisseria meningitidis
143,NZ_CP064367.1,1,1457002.0,1457037.0,1457748.0,1457766.0,1456977.0,1457765.0,1457051.0,PartJ-Nmeningitidis-RM8376_opa_4,0.0,PartJ-Nmeningitidis-RM8376,Neisseria meningitidis
144,NZ_CP021518.1,-1,549162.0,549202.0,548439.0,548457.0,548440.0,549227.0,549148.0,12-176_opa_1,0.0,12-176,Neisseria meningitidis
145,NZ_CP021518.1,-1,1077201.0,1077271.0,1076469.0,1076487.0,1076470.0,1077296.0,1077187.0,12-176_opa_2,0.0,12-176,Neisseria meningitidis
146,NZ_CP021518.1,1,1248370.0,1248430.0,1249156.0,1249174.0,1248345.0,1249173.0,1248444.0,12-176_opa_3,1.0,12-176,Neisseria meningitidis
147,NZ_CP021518.1,1,1418476.0,1418526.0,1419237.0,1419255.0,1418451.0,1419254.0,1418540.0,12-176_opa_4,0.0,12-176,Neisseria meningitidis
148,NZ_CP020420.2,-1,544102.0,544137.0,543373.0,543391.0,543374.0,544162.0,544088.0,FDAARGOS_209_opa_1,0.0,FDAARGOS_209,Neisseria meningitidis
149,NZ_CP020420.2,-1,1078742.0,1078802.0,1078031.0,1078049.0,1078032.0,1078827.0,1078728.0,FDAARGOS_209_opa_2,1.0,FDAARGOS_209,Neisseria meningitidis
150,NZ_CP020420.2,1,1285899.0,1285964.0,1286684.0,1286702.0,1285874.0,1286701.0,1285978.0,FDAARGOS_209_opa_3,0.0,FDAARGOS_209,Neisseria meningitidis
151,NZ_CP020420.2,1,1456974.0,1457009.0,1457720.0,1457738.0,1456949.0,1457737.0,1457023.0,FDAARGOS_209_opa_4,0.0,FDAARGOS_209,Neisseria meningitidis
152,NZ_CP091510.1,-1,,,1004783.0,1004801.0,,,,,,KH1503,Neisseria arctica
153,NZ_CP091510.1,1,,,1678074.0,1678092.0,,,,,,KH1503,Neisseria arctica
154,NZ_CP021517.1,-1,547667.0,547707.0,546944.0,546962.0,546945.0,547732.0,547653.0,12-221_opa_1,0.0,12-221,Neisseria meningitidis
155,NZ_CP021517.1,-1,1075674.0,1075759.0,1074946.0,1074964.0,1074947.0,1075784.0,1075660.0,12-221_opa_2,0.0,12-221,Neisseria meningitidis
156,NZ_CP021517.1,1,1246825.0,1246855.0,1247581.0,1247599.0,1246800.0,1247598.0,1246869.0,12-221_opa_3,1.0,12-221,Neisseria meningitidis
157,NZ_CP021517.1,1,1416943.0,1416983.0,1417694.0,1417712.0,1416918.0,1417711.0,1416997.0,12-221_opa_4,0.0,12-221,Neisseria meningitidis
158,NZ_CP039886.1,1,88340.0,88370.0,89033.0,89051.0,88316.0,89050.0,88384.0,ATCC13120_opa_1,0.0,ATCC13120,Neisseria flavescens
159,NZ_CP039886.1,1,1011779.0,1011809.0,1012487.0,1012505.0,1011755.0,1012504.0,1011823.0,ATCC13120_opa_2,0.0,ATCC13120,Neisseria flavescens
160,NZ_CP137529.1,-1,569696.0,569751.0,568964.0,568982.0,568965.0,569775.0,569682.0,EXNM666_opa_1,1.0,EXNM666,Neisseria meningitidis
161,NZ_CP137529.1,-1,1085172.0,1085227.0,1084446.0,1084464.0,1084447.0,1085252.0,1085158.0,EXNM666_opa_2,0.0,EXNM666,Neisseria meningitidis
162,NZ_CP137529.1,1,1256700.0,1256755.0,1257463.0,1257481.0,1256675.0,1257480.0,1256769.0,EXNM666_opa_3,0.0,EXNM666,Neisseria meningitidis
163,NZ_CP137529.1,1,1429715.0,1429760.0,1430480.0,1430498.0,1429691.0,1430497.0,1429774.0,EXNM666_opa_4,0.0,EXNM666,Neisseria meningitidis
164,NZ_CP020401.2,-1,1316980.0,1317040.0,1316248.0,1316266.0,1316249.0,1317064.0,1316966.0,FDAARGOS_214_opa_1,0.0,FDAARGOS_214,Neisseria meningitidis
165,NZ_CP020401.2,1,1502867.0,1502912.0,1503635.0,1503653.0,1502843.0,1503652.0,1502926.0,FDAARGOS_214_opa_2,0.0,FDAARGOS_214,Neisseria meningitidis
166,NZ_CP020401.2,1,1636379.0,1636409.0,1637120.0,1637138.0,1636355.0,1637137.0,1636423.0,FDAARGOS_214_opa_3,0.0,FDAARGOS_214,Neisseria meningitidis
167,NZ_CP016646.1,-1,552260.0,552310.0,551522.0,551540.0,551523.0,552335.0,552246.0,M22819_opa_1,0.0,M22819,Neisseria meningitidis
168,NZ_CP016646.1,-1,1092974.0,1093024.0,1092236.0,1092254.0,1092237.0,1093049.0,1092960.0,M22819_opa_2,0.0,M22819,Neisseria meningitidis
169,NZ_CP016646.1,1,1265722.0,1265822.0,1266527.0,1266545.0,1265697.0,1266544.0,1265836.0,M22819_opa_3,0.0,M22819,Neisseria meningitidis
170,NZ_CP016646.1,1,1437072.0,1437117.0,1437834.0,1437852.0,1437047.0,1437851.0,1437131.0,M22819_opa_4,1.0,M22819,Neisseria meningitidis
171,NZ_CP016682.1,-1,544929.0,544974.0,544191.0,544209.0,544192.0,544999.0,544915.0,M24705_opa_1,1.0,M24705,Neisseria meningitidis
172,NZ_CP016682.1,-1,1085560.0,1085655.0,1084822.0,1084840.0,1084823.0,1085680.0,1085546.0,M24705_opa_2,0.0,M24705,Neisseria meningitidis
173,NZ_CP016682.1,1,1259605.0,1259645.0,1260350.0,1260368.0,1259580.0,1260367.0,1259659.0,M24705_opa_3,0.0,M24705,Neisseria meningitidis
174,NZ_CP016682.1,1,1432002.0,1432087.0,1432804.0,1432822.0,1431977.0,1432821.0,1432101.0,M24705_opa_4,0.0,M24705,Neisseria meningitidis
175,NZ_CP021520.1,-1,549349.0,549419.0,548626.0,548644.0,548627.0,549444.0,549335.0,11-7_opa_1,0.0,11-7,Neisseria meningitidis
176,NZ_CP021520.1,-1,1075164.0,1075214.0,1074423.0,1074441.0,1074424.0,1075239.0,1075150.0,11-7_opa_2,0.0,11-7,Neisseria meningitidis
177,NZ_CP021520.1,1,1246784.0,1246829.0,1247555.0,1247573.0,1246759.0,1247572.0,1246843.0,11-7_opa_3,1.0,11-7,Neisseria meningitidis
178,NZ_CP021520.1,1,1417604.0,1417629.0,1418340.0,1418358.0,1417579.0,1418357.0,1417643.0,11-7_opa_4,0.0,11-7,Neisseria meningitidis
179,NZ_LR134522.1,-1,544043.0,544058.0,543305.0,543323.0,543306.0,544083.0,544029.0,NCTC3372_opa_1,1.0,NCTC3372,Neisseria meningitidis
180,NZ_LR134522.1,-1,1081346.0,1081381.0,1080638.0,1080656.0,1080639.0,1081406.0,1081332.0,NCTC3372_opa_2,0.0,NCTC3372,Neisseria meningitidis
181,NZ_LR134522.1,1,1287773.0,1287813.0,1288536.0,1288554.0,1287748.0,1288553.0,1287827.0,NCTC3372_opa_3,0.0,NCTC3372,Neisseria meningitidis
182,NZ_LR134522.1,1,1458833.0,1458868.0,1459579.0,1459597.0,1458808.0,1459596.0,1458882.0,NCTC3372_opa_4,0.0,NCTC3372,Neisseria meningitidis
183,NZ_CP016666.1,-1,573979.0,573994.0,573247.0,573265.0,573248.0,574018.0,573965.0,M25462_opa_1,0.0,M25462,Neisseria meningitidis
184,NZ_CP016666.1,-1,1075695.0,1075760.0,1074972.0,1074990.0,1074973.0,1075785.0,1075681.0,M25462_opa_2,0.0,M25462,Neisseria meningitidis
185,NZ_CP016666.1,1,1246621.0,1246671.0,1247376.0,1247394.0,1246597.0,1247393.0,1246685.0,M25462_opa_3,0.0,M25462,Neisseria meningitidis
186,NZ_CP016666.1,1,1426886.0,1426921.0,1427650.0,1427668.0,1426862.0,1427667.0,1426935.0,M25462_opa_4,0.0,M25462,Neisseria meningitidis
187,NZ_CP030819.1,-1,571237.0,571287.0,570505.0,570523.0,570506.0,571311.0,571223.0,15-215_opa_1,0.0,15-215,Neisseria meningitidis
188,NZ_CP030819.1,-1,1093322.0,1093477.0,1092596.0,1092614.0,1092597.0,1093502.0,1093308.0,15-215_opa_2,0.0,15-215,Neisseria meningitidis
189,NZ_CP030819.1,1,1264202.0,1264242.0,1264950.0,1264968.0,1264177.0,1264967.0,1264256.0,15-215_opa_3,0.0,15-215,Neisseria meningitidis
190,NZ_CP030819.1,1,1437528.0,1437568.0,1438291.0,1438309.0,1437504.0,1438308.0,1437582.0,15-215_opa_4,1.0,15-215,Neisseria meningitidis
191,NZ_CP016882.1,-1,573490.0,573510.0,572758.0,572776.0,572759.0,573534.0,573476.0,M22747_opa_1,0.0,M22747,Neisseria meningitidis
192,NZ_CP016882.1,-1,1075112.0,1075352.0,1074389.0,1074407.0,1074390.0,1075377.0,1075098.0,M22747_opa_2,1.0,M22747,Neisseria meningitidis
193,NZ_CP016882.1,1,1246229.0,1246299.0,1247001.0,1247019.0,1246205.0,1247018.0,1246313.0,M22747_opa_3,1.0,M22747,Neisseria meningitidis
194,NZ_CP016882.1,1,1425636.0,1425701.0,1426433.0,1426451.0,1425612.0,1426450.0,1425715.0,M22747_opa_4,0.0,M22747,Neisseria meningitidis
195,NZ_OW969598.1,-1,616295.0,616335.0,615584.0,615602.0,615585.0,616359.0,616281.0,Marseille-Q6792_opa_1,1.0,Marseille-Q6792,Neisseria sp.
196,NZ_OW969598.1,1,1129742.0,1129834.0,1130337.0,1130355.0,,1130354.0,1129834.0,,,Marseille-Q6792,Neisseria sp.
197,NZ_OW969598.1,1,1362820.0,1362861.0,1363521.0,1363539.0,1362794.0,1363538.0,1362875.0,Marseille-Q6792_opa_2,1.0,Marseille-Q6792,Neisseria sp.
198,NZ_CP016649.1,-1,573870.0,573930.0,573141.0,573159.0,573142.0,573954.0,573856.0,M22189_opa_1,0.0,M22189,Neisseria meningitidis
199,NZ_CP016649.1,-1,1075584.0,1075699.0,1074861.0,1074879.0,1074862.0,1075724.0,1075570.0,M22189_opa_2,0.0,M22189,Neisseria meningitidis
200,NZ_CP016649.1,1,1246535.0,1246615.0,1247320.0,1247338.0,1246511.0,1247337.0,1246629.0,M22189_opa_3,0.0,M22189,Neisseria meningitidis
201,NZ_CP016649.1,1,1425969.0,1426029.0,1426761.0,1426779.0,1425945.0,1426778.0,1426043.0,M22189_opa_4,0.0,M22189,Neisseria meningitidis
202,NZ_CP031329.1,-1,303878.0,303933.0,303146.0,303164.0,303147.0,303958.0,303864.0,M22425_opa_1,0.0,M22425,Neisseria meningitidis
203,NZ_CP031329.1,1,473685.0,473725.0,474439.0,474457.0,473660.0,474456.0,473739.0,M22425_opa_2,0.0,M22425,Neisseria meningitidis
204,NZ_CP031329.1,1,1006837.0,1006857.0,1007562.0,1007580.0,1006812.0,1007579.0,1006871.0,M22425_opa_3,0.0,M22425,Neisseria meningitidis
205,NZ_CP031329.1,1,1333089.0,1333139.0,1333853.0,1333871.0,1333064.0,1333870.0,1333153.0,M22425_opa_4,0.0,M22425,Neisseria meningitidis
206,NZ_CP031329.1,1,1776573.0,1776618.0,1777323.0,1777341.0,1776548.0,1777340.0,1776632.0,M22425_opa_5,1.0,M22425,Neisseria meningitidis
207,NZ_CP016662.1,-1,573735.0,573750.0,573003.0,573021.0,573004.0,573774.0,573721.0,M23413_opa_1,0.0,M23413,Neisseria meningitidis
208,NZ_CP016662.1,-1,1075391.0,1075441.0,1074668.0,1074686.0,1074669.0,1075466.0,1075377.0,M23413_opa_2,0.0,M23413,Neisseria meningitidis
209,NZ_CP016662.1,1,1246312.0,1246357.0,1247062.0,1247080.0,1246288.0,1247079.0,1246371.0,M23413_opa_3,0.0,M23413,Neisseria meningitidis
210,NZ_CP016662.1,1,1426547.0,1426587.0,1427316.0,1427334.0,1426523.0,1427333.0,1426601.0,M23413_opa_4,1.0,M23413,Neisseria meningitidis
211,NZ_CP016659.1,-1,572090.0,572105.0,571358.0,571376.0,571359.0,572129.0,572076.0,M22801_opa_1,0.0,M22801,Neisseria meningitidis
212,NZ_CP016659.1,-1,1073714.0,1073749.0,1072991.0,1073009.0,1072992.0,1073774.0,1073700.0,M22801_opa_2,0.0,M22801,Neisseria meningitidis
213,NZ_CP016659.1,1,1245362.0,1245417.0,1246122.0,1246140.0,1245338.0,1246139.0,1245431.0,M22801_opa_3,1.0,M22801,Neisseria meningitidis
214,NZ_CP016659.1,1,1424741.0,1424786.0,1425518.0,1425536.0,1424717.0,1425535.0,1424800.0,M22801_opa_4,0.0,M22801,Neisseria meningitidis
215,NC_014752.1,1,1471157.0,1471188.0,1471866.0,1471884.0,1471131.0,1471883.0,1471202.0,020-06_opa_1,0.0,020-06,Neisseria lactamica
216,NC_014752.1,1,1906611.0,1906671.0,1907331.0,1907349.0,1906589.0,1907348.0,1906685.0,020-06_opa_2,1.0,020-06,Neisseria lactamica
217,NZ_CP030820.1,-1,571254.0,571309.0,570522.0,570540.0,570523.0,571333.0,571240.0,15-198_opa_1,1.0,15-198,Neisseria meningitidis
218,NZ_CP030820.1,-1,1093292.0,1093442.0,1092566.0,1092584.0,1092567.0,1093467.0,1093278.0,15-198_opa_2,1.0,15-198,Neisseria meningitidis
219,NZ_CP030820.1,1,1264171.0,1264211.0,1264919.0,1264937.0,1264146.0,1264936.0,1264225.0,15-198_opa_3,0.0,15-198,Neisseria meningitidis
220,NZ_CP030820.1,1,1437498.0,1437538.0,1438261.0,1438279.0,1437474.0,1438278.0,1437552.0,15-198_opa_4,1.0,15-198,Neisseria meningitidis
221,NZ_CP030825.1,-1,569822.0,569882.0,569090.0,569108.0,569091.0,569906.0,569808.0,12-208_opa_1,0.0,12-208,Neisseria meningitidis
222,NZ_CP030825.1,-1,1085057.0,1085102.0,1084331.0,1084349.0,1084332.0,1085127.0,1085043.0,12-208_opa_2,1.0,12-208,Neisseria meningitidis
223,NZ_CP030825.1,1,1256568.0,1256648.0,1257356.0,1257374.0,1256543.0,1257373.0,1256662.0,12-208_opa_3,0.0,12-208,Neisseria meningitidis
224,NZ_CP030825.1,1,1430352.0,1430397.0,1431117.0,1431135.0,1430328.0,1431134.0,1430411.0,12-208_opa_4,0.0,12-208,Neisseria meningitidis
225,NZ_CP016627.1,-1,574147.0,574162.0,573415.0,573433.0,573416.0,574186.0,574133.0,M22718_opa_1,0.0,M22718,Neisseria meningitidis
226,NZ_CP016627.1,-1,1075774.0,1076009.0,1075051.0,1075069.0,1075052.0,1076034.0,1075760.0,M22718_opa_2,0.0,M22718,Neisseria meningitidis
227,NZ_CP016627.1,1,1246886.0,1246956.0,1247658.0,1247676.0,1246862.0,1247675.0,1246970.0,M22718_opa_3,1.0,M22718,Neisseria meningitidis
228,NZ_CP016627.1,1,1426293.0,1426348.0,1427080.0,1427098.0,1426269.0,1427097.0,1426362.0,M22718_opa_4,1.0,M22718,Neisseria meningitidis
229,NZ_CP016648.1,-1,570848.0,570863.0,570116.0,570134.0,570117.0,570887.0,570834.0,M09293_opa_1,0.0,M09293,Neisseria meningitidis
230,NZ_CP016648.1,-1,1072426.0,1072476.0,1071703.0,1071721.0,1071704.0,1072501.0,1072412.0,M09293_opa_2,0.0,M09293,Neisseria meningitidis
231,NZ_CP016648.1,1,1243342.0,1243397.0,1244099.0,1244117.0,1243318.0,1244116.0,1243411.0,M09293_opa_3,1.0,M09293,Neisseria meningitidis
232,NZ_CP016648.1,1,1422579.0,1422649.0,1423381.0,1423399.0,1422555.0,1423398.0,1422663.0,M09293_opa_4,1.0,M09293,Neisseria meningitidis
233,NZ_CP018907.1,-1,,,580970.0,580988.0,,,,,,M21273,Neisseria meningitidis
234,NZ_CP018907.1,-1,1098769.0,1098869.0,1098046.0,1098064.0,1098047.0,1098894.0,1098755.0,M21273_opa_1,0.0,M21273,Neisseria meningitidis
235,NZ_CP018907.1,1,1272771.0,1272811.0,1273516.0,1273534.0,1272747.0,1273533.0,1272825.0,M21273_opa_2,1.0,M21273,Neisseria meningitidis
236,NZ_CP018907.1,1,1455064.0,1455139.0,1455865.0,1455883.0,1455040.0,1455882.0,1455153.0,M21273_opa_3,0.0,M21273,Neisseria meningitidis
237,NZ_CP031330.1,-1,304597.0,304642.0,303856.0,303874.0,303857.0,304667.0,304583.0,M21955_opa_1,1.0,M21955,Neisseria meningitidis
238,NZ_CP031330.1,1,490538.0,490598.0,491321.0,491339.0,490513.0,491338.0,490612.0,M21955_opa_2,1.0,M21955,Neisseria meningitidis
239,NZ_CP031330.1,1,1032703.0,1032738.0,1033443.0,1033461.0,1032678.0,1033460.0,1032752.0,M21955_opa_3,0.0,M21955,Neisseria meningitidis
240,NZ_CP031330.1,1,1523500.0,1523520.0,1524225.0,1524243.0,1523475.0,1524242.0,1523534.0,M21955_opa_4,0.0,M21955,Neisseria meningitidis
241,NZ_CP016667.1,-1,573736.0,573751.0,573004.0,573022.0,573005.0,573775.0,573722.0,M27559_opa_1,0.0,M27559,Neisseria meningitidis
242,NZ_CP016667.1,-1,1075399.0,1075449.0,1074676.0,1074694.0,1074677.0,1075474.0,1075385.0,M27559_opa_2,0.0,M27559,Neisseria meningitidis
243,NZ_CP016667.1,1,1246324.0,1246369.0,1247074.0,1247092.0,1246300.0,1247091.0,1246383.0,M27559_opa_3,0.0,M27559,Neisseria meningitidis
244,NZ_CP016667.1,1,1427643.0,1427683.0,1428412.0,1428430.0,1427619.0,1428429.0,1427697.0,M27559_opa_4,1.0,M27559,Neisseria meningitidis
245,NZ_CP016658.1,-1,572871.0,572886.0,572139.0,572157.0,572140.0,572910.0,572857.0,M24730_opa_1,0.0,M24730,Neisseria meningitidis
246,NZ_CP016658.1,-1,1074531.0,1074894.0,1073808.0,1073826.0,1073809.0,1074919.0,1074517.0,M24730_opa_2,1.0,M24730,Neisseria meningitidis
247,NZ_CP016658.1,1,1247938.0,1247968.0,1248673.0,1248691.0,1247914.0,1248690.0,1247982.0,M24730_opa_3,0.0,M24730,Neisseria meningitidis
248,NZ_CP016658.1,1,1427429.0,1427484.0,1428213.0,1428231.0,1427405.0,1428230.0,1427498.0,M24730_opa_4,1.0,M24730,Neisseria meningitidis
249,NZ_CP016645.1,-1,573378.0,573393.0,572646.0,572664.0,572647.0,573417.0,573364.0,M12752_opa_1,0.0,M12752,Neisseria meningitidis
250,NZ_CP016645.1,-1,1076075.0,1076185.0,1075352.0,1075370.0,1075353.0,1076210.0,1076061.0,M12752_opa_2,0.0,M12752,Neisseria meningitidis
251,NZ_CP016645.1,1,1247074.0,1247149.0,1247851.0,1247869.0,1247050.0,1247868.0,1247163.0,M12752_opa_3,0.0,M12752,Neisseria meningitidis
252,NZ_CP016645.1,1,1426510.0,1426570.0,1427302.0,1427320.0,1426486.0,1427319.0,1426584.0,M12752_opa_4,0.0,M12752,Neisseria meningitidis
253,NZ_CP009420.1,-1,578798.0,578823.0,578075.0,578093.0,578076.0,578848.0,578784.0,NM3682_opa_1,0.0,NM3682,Neisseria meningitidis
254,NZ_CP009420.1,-1,1095315.0,1095375.0,1094592.0,1094610.0,1094593.0,1095400.0,1095301.0,NM3682_opa_2,1.0,NM3682,Neisseria meningitidis
255,NZ_CP009420.1,1,1266831.0,1266861.0,1267572.0,1267590.0,1266807.0,1267589.0,1266875.0,NM3682_opa_3,0.0,NM3682,Neisseria meningitidis
256,NZ_CP009420.1,-1,1769002.0,1769042.0,1768273.0,1768291.0,1768274.0,1769066.0,1768988.0,NM3682_opa_4,1.0,NM3682,Neisseria meningitidis
257,NC_003116.1,-1,1072692.0,1072727.0,1071966.0,1071984.0,1071967.0,1072752.0,1072678.0,Z2491_opa_1,0.0,Z2491,Neisseria meningitidis
258,NC_003116.1,1,1287668.0,1287708.0,1288431.0,1288449.0,1287643.0,1288448.0,1287722.0,Z2491_opa_2,0.0,Z2491,Neisseria meningitidis
259,NC_003116.1,1,1457887.0,1457942.0,1458653.0,1458671.0,1457862.0,1458670.0,1457956.0,Z2491_opa_3,0.0,Z2491,Neisseria meningitidis
260,NZ_CP016883.1,-1,549473.0,549523.0,548735.0,548753.0,548736.0,549548.0,549459.0,M22790_opa_1,0.0,M22790,Neisseria meningitidis
261,NZ_CP016883.1,-1,1089229.0,1089284.0,1088491.0,1088509.0,1088492.0,1089309.0,1089215.0,M22790_opa_2,0.0,M22790,Neisseria meningitidis
262,NZ_CP016883.1,1,1254346.0,1254421.0,1255126.0,1255144.0,1254321.0,1255143.0,1254435.0,M22790_opa_3,1.0,M22790,Neisseria meningitidis
263,NZ_CP016883.1,1,1425718.0,1425748.0,1426468.0,1426486.0,1425693.0,1426485.0,1425762.0,M22790_opa_4,1.0,M22790,Neisseria meningitidis
264,NZ_CP009419.1,-1,574140.0,574155.0,573408.0,573426.0,573409.0,574179.0,574126.0,M7124_opa_1,0.0,M7124,Neisseria meningitidis
265,NZ_CP009419.1,-1,1075742.0,1075892.0,1075019.0,1075037.0,1075020.0,1075917.0,1075728.0,M7124_opa_2,1.0,M7124,Neisseria meningitidis
266,NZ_CP009419.1,1,1246761.0,1246831.0,1247533.0,1247551.0,1246737.0,1247550.0,1246845.0,M7124_opa_3,1.0,M7124,Neisseria meningitidis
267,NZ_CP009419.1,1,1426168.0,1426228.0,1426960.0,1426978.0,1426144.0,1426977.0,1426242.0,M7124_opa_4,0.0,M7124,Neisseria meningitidis
268,NZ_CP031253.1,-1,155890.0,155935.0,155206.0,155224.0,155207.0,155957.0,155876.0,M17106_opa_1,1.0,M17106,Neisseria lactamica
269,NZ_CP031253.1,-1,594931.0,594971.0,594253.0,594271.0,594254.0,594995.0,594917.0,M17106_opa_2,1.0,M17106,Neisseria lactamica
270,NZ_CP016653.1,-1,559033.0,559048.0,558301.0,558319.0,558302.0,559072.0,559019.0,M22748_opa_1,0.0,M22748,Neisseria meningitidis
271,NZ_CP016653.1,-1,1060684.0,1060834.0,1059961.0,1059979.0,1059962.0,1060859.0,1060670.0,M22748_opa_2,1.0,M22748,Neisseria meningitidis
272,NZ_CP016653.1,1,1231212.0,1231267.0,1231981.0,1231999.0,1231188.0,1231998.0,1231281.0,M22748_opa_3,1.0,M22748,Neisseria meningitidis
273,NZ_CP016653.1,1,1410615.0,1410665.0,1411397.0,1411415.0,1410591.0,1411414.0,1410679.0,M22748_opa_4,0.0,M22748,Neisseria meningitidis
274,NC_017515.1,-1,636253.0,636318.0,635524.0,635542.0,635525.0,636343.0,636239.0,M04-240196_opa_1,0.0,M04-240196,Neisseria meningitidis
275,NC_017515.1,1,1350496.0,1350556.0,1351273.0,1351291.0,1350471.0,1351290.0,1350570.0,M04-240196_opa_2,1.0,M04-240196,Neisseria meningitidis
276,NC_017515.1,1,1521920.0,1521965.0,1522676.0,1522694.0,1521895.0,1522693.0,1521979.0,M04-240196_opa_3,1.0,M04-240196,Neisseria meningitidis
277,NZ_CP016657.1,-1,571442.0,571497.0,570710.0,570728.0,570711.0,571521.0,571428.0,M22745_opa_1,1.0,M22745,Neisseria meningitidis
278,NZ_CP016657.1,-1,1073096.0,1073156.0,1072373.0,1072391.0,1072374.0,1073181.0,1073082.0,M22745_opa_2,1.0,M22745,Neisseria meningitidis
279,NZ_CP016657.1,1,1244004.0,1244069.0,1244771.0,1244789.0,1243980.0,1244788.0,1244083.0,M22745_opa_3,0.0,M22745,Neisseria meningitidis
280,NZ_CP016657.1,1,1423250.0,1423285.0,1424017.0,1424035.0,1423226.0,1424034.0,1423299.0,M22745_opa_4,0.0,M22745,Neisseria meningitidis
281,NZ_CP020402.2,-1,338561.0,338611.0,337820.0,337838.0,337821.0,338636.0,338547.0,FDAARGOS_215_opa_1,0.0,FDAARGOS_215,Neisseria meningitidis
282,NZ_CP020402.2,1,524920.0,524955.0,525666.0,525684.0,524896.0,525683.0,524969.0,FDAARGOS_215_opa_2,0.0,FDAARGOS_215,Neisseria meningitidis
283,NZ_CP020402.2,1,1045597.0,1045662.0,1046385.0,1046403.0,1045572.0,1046402.0,1045676.0,FDAARGOS_215_opa_3,0.0,FDAARGOS_215,Neisseria meningitidis
284,NZ_CP020402.2,1,1557256.0,1557291.0,1558020.0,1558038.0,1557231.0,1558037.0,1557305.0,FDAARGOS_215_opa_4,0.0,FDAARGOS_215,Neisseria meningitidis
285,NC_013016.1,-1,581063.0,581128.0,580328.0,580346.0,580329.0,581153.0,581049.0,alpha14_opa_1,0.0,alpha14,Neisseria meningitidis
286,NC_013016.1,1,1270367.0,1270402.0,1271092.0,1271110.0,1270343.0,1271109.0,1270416.0,alpha14_opa_2,0.0,alpha14,Neisseria meningitidis
287,NC_013016.1,1,1440466.0,1440531.0,1441221.0,1441239.0,1440442.0,1441238.0,1440545.0,alpha14_opa_3,0.0,alpha14,Neisseria meningitidis
288,NZ_CP021516.1,-1,548360.0,548395.0,547637.0,547655.0,547638.0,548420.0,548346.0,14-563_opa_1,0.0,14-563,Neisseria meningitidis
289,NZ_CP021516.1,-1,1077247.0,1077282.0,1076515.0,1076533.0,1076516.0,1077307.0,1077233.0,14-563_opa_2,0.0,14-563,Neisseria meningitidis
290,NZ_CP021516.1,1,1256658.0,1256698.0,1257424.0,1257442.0,1256633.0,1257441.0,1256712.0,14-563_opa_3,0.0,14-563,Neisseria meningitidis
291,NZ_CP021516.1,1,1426805.0,1426845.0,1427556.0,1427574.0,1426780.0,1427573.0,1426859.0,14-563_opa_4,0.0,14-563,Neisseria meningitidis
292,NC_017501.1,-1,576704.0,576749.0,575981.0,575999.0,575982.0,576773.0,576690.0,8013_opa_1,0.0,8013,Neisseria meningitidis
293,NC_017501.1,-1,1096368.0,1096418.0,1095627.0,1095645.0,1095628.0,1096442.0,1096354.0,8013_opa_2,0.0,8013,Neisseria meningitidis
294,NC_017501.1,1,1277667.0,1277712.0,1278438.0,1278456.0,1277643.0,1278455.0,1277726.0,8013_opa_3,0.0,8013,Neisseria meningitidis
295,NC_017501.1,1,1545224.0,1545274.0,1545988.0,1546006.0,1545199.0,1546005.0,1545288.0,8013_opa_4,0.0,8013,Neisseria meningitidis
296,NZ_LR134525.1,-1,544129.0,544169.0,543400.0,543418.0,543401.0,544194.0,544115.0,NCTC10025_opa_1,0.0,NCTC10025,Neisseria meningitidis
297,NZ_LR134525.1,-1,1078780.0,1078845.0,1078072.0,1078090.0,1078073.0,1078870.0,1078766.0,NCTC10025_opa_2,0.0,NCTC10025,Neisseria meningitidis
298,NZ_LR134525.1,1,1285304.0,1285364.0,1286084.0,1286102.0,1285280.0,1286101.0,1285378.0,NCTC10025_opa_3,0.0,NCTC10025,Neisseria meningitidis
299,NZ_LR134525.1,1,1456254.0,1456294.0,1457005.0,1457023.0,1456229.0,1457022.0,1456308.0,NCTC10025_opa_4,0.0,NCTC10025,Neisseria meningitidis
300,NZ_CP031332.1,1,477707.0,477787.0,478498.0,478516.0,477682.0,478515.0,477801.0,M22814_opa_1,0.0,M22814,Neisseria meningitidis
301,NZ_CP031332.1,1,1287796.0,1287841.0,1288549.0,1288567.0,1287771.0,1288566.0,1287855.0,M22814_opa_2,1.0,M22814,Neisseria meningitidis
302,NZ_CP031332.1,1,1460861.0,1460901.0,1461603.0,1461621.0,1460836.0,1461620.0,1460915.0,M22814_opa_3,0.0,M22814,Neisseria meningitidis
303,NZ_CP079941.1,-1,305861.0,305916.0,305120.0,305138.0,305121.0,305941.0,305847.0,C311_opa_1,0.0,C311,Neisseria meningitidis
304,NZ_CP079941.1,1,491042.0,491097.0,491820.0,491838.0,491017.0,491837.0,491111.0,C311_opa_2,0.0,C311,Neisseria meningitidis
305,NZ_CP079941.1,1,1100553.0,1100628.0,1101333.0,1101351.0,1100528.0,1101350.0,1100642.0,C311_opa_3,1.0,C311,Neisseria meningitidis
306,NZ_CP079941.1,1,1590347.0,1590407.0,1591112.0,1591130.0,1590322.0,1591129.0,1590421.0,C311_opa_4,1.0,C311,Neisseria meningitidis
307,NZ_CP072524.1,1,2230324.0,2230346.0,2231136.0,2231154.0,,2231153.0,2230561.0,,,NS20201025,Neisseria sicca
308,NZ_CP077603.1,-1,,,579271.0,579289.0,,,,,,S4,Neisseria meningitidis
309,NZ_CP077603.1,-1,1104269.0,1104349.0,1103546.0,1103564.0,1103547.0,1104374.0,1104255.0,S4_opa_1,0.0,S4,Neisseria meningitidis
310,NZ_CP077603.1,1,1278622.0,1278647.0,1279352.0,1279370.0,1278597.0,1279369.0,1278661.0,S4_opa_2,0.0,S4,Neisseria meningitidis
311,NZ_CP077603.1,1,1460553.0,1460608.0,1461334.0,1461352.0,1460529.0,1461351.0,1460622.0,S4_opa_3,1.0,S4,Neisseria meningitidis
312,NZ_CP016656.1,-1,570950.0,571020.0,570212.0,570230.0,570213.0,571044.0,570936.0,M22769_opa_1,1.0,M22769,Neisseria meningitidis
313,NZ_CP016656.1,-1,1072494.0,1072614.0,1071771.0,1071789.0,1071772.0,1072639.0,1072480.0,M22769_opa_2,1.0,M22769,Neisseria meningitidis
314,NZ_CP016656.1,1,1243463.0,1243493.0,1244198.0,1244216.0,1243439.0,1244215.0,1243507.0,M22769_opa_3,0.0,M22769,Neisseria meningitidis
315,NZ_CP016656.1,1,1422401.0,1422456.0,1423188.0,1423206.0,1422377.0,1423205.0,1422470.0,M22769_opa_4,1.0,M22769,Neisseria meningitidis
316,NZ_CP016679.1,-1,573421.0,573436.0,572689.0,572707.0,572690.0,573460.0,573407.0,M22740_opa_1,0.0,M22740,Neisseria meningitidis
317,NZ_CP016679.1,-1,1075036.0,1075241.0,1074313.0,1074331.0,1074314.0,1075266.0,1075022.0,M22740_opa_2,0.0,M22740,Neisseria meningitidis
318,NZ_CP016679.1,1,1246127.0,1246192.0,1246894.0,1246912.0,1246103.0,1246911.0,1246206.0,M22740_opa_3,0.0,M22740,Neisseria meningitidis
319,NZ_CP016679.1,1,1425529.0,1425584.0,1426316.0,1426334.0,1425505.0,1426333.0,1425598.0,M22740_opa_4,1.0,M22740,Neisseria meningitidis
320,NZ_CP030818.1,-1,571230.0,571285.0,570498.0,570516.0,570499.0,571309.0,571216.0,15-236_opa_1,1.0,15-236,Neisseria meningitidis
321,NZ_CP030818.1,-1,1093331.0,1093481.0,1092605.0,1092623.0,1092606.0,1093506.0,1093317.0,15-236_opa_2,1.0,15-236,Neisseria meningitidis
322,NZ_CP030818.1,1,1264204.0,1264244.0,1264952.0,1264970.0,1264179.0,1264969.0,1264258.0,15-236_opa_3,0.0,15-236,Neisseria meningitidis
323,NZ_CP030818.1,1,1437524.0,1437559.0,1438282.0,1438300.0,1437500.0,1438299.0,1437573.0,15-236_opa_4,0.0,15-236,Neisseria meningitidis
324,NZ_CP046027.1,-1,,,554252.0,554270.0,,,,,,N.177.16,Neisseria brasiliensis
325,NZ_CP020423.2,-1,580979.0,581019.0,580256.0,580274.0,580257.0,581044.0,580965.0,FDAARGOS_212_opa_1,0.0,FDAARGOS_212,Neisseria meningitidis
326,NZ_CP020423.2,-1,1168685.0,1168765.0,1167962.0,1167980.0,1167963.0,1168791.0,1168671.0,FDAARGOS_212_opa_2,1.0,FDAARGOS_212,Neisseria meningitidis
327,NZ_CP020423.2,1,1341604.0,1341644.0,1342361.0,1342379.0,1341580.0,1342378.0,1341658.0,FDAARGOS_212_opa_3,1.0,FDAARGOS_212,Neisseria meningitidis
328,NZ_CP020423.2,1,1514529.0,1514564.0,1515269.0,1515287.0,1514504.0,1515286.0,1514578.0,FDAARGOS_212_opa_4,0.0,FDAARGOS_212,Neisseria meningitidis
329,NZ_CP031335.1,-1,579018.0,579063.0,578289.0,578307.0,578290.0,579088.0,579004.0,M25964_opa_1,1.0,M25964,Neisseria meningitidis
330,NZ_CP031335.1,-1,1081036.0,1081121.0,1080313.0,1080331.0,1080314.0,1081146.0,1081022.0,M25964_opa_2,0.0,M25964,Neisseria meningitidis
331,NZ_CP031335.1,1,1252577.0,1252617.0,1253328.0,1253346.0,1252553.0,1253345.0,1252631.0,M25964_opa_3,1.0,M25964,Neisseria meningitidis
332,NZ_CP031335.1,-1,1436919.0,1436949.0,1436193.0,1436211.0,1436194.0,1436973.0,1436905.0,M25964_opa_4,0.0,M25964,Neisseria meningitidis
333,NZ_CP060280.1,-1,,,578636.0,578654.0,,,,,,LNP24198,Neisseria meningitidis
334,NZ_CP060280.1,-1,1111674.0,1111729.0,1110951.0,1110969.0,1110952.0,1111754.0,1111660.0,LNP24198_opa_1,0.0,LNP24198,Neisseria meningitidis
335,NZ_CP060280.1,1,1284833.0,1284888.0,1285593.0,1285611.0,1284809.0,1285610.0,1284902.0,LNP24198_opa_2,1.0,LNP24198,Neisseria meningitidis
336,NZ_CP060280.1,1,1466807.0,1466842.0,1467568.0,1467586.0,1466783.0,1467585.0,1466856.0,LNP24198_opa_3,0.0,LNP24198,Neisseria meningitidis
337,NZ_CP009422.1,-1,578717.0,578757.0,577985.0,578003.0,577986.0,578781.0,578703.0,M10208_opa_1,1.0,M10208,Neisseria meningitidis
338,NZ_CP009422.1,-1,1091663.0,1091733.0,1090937.0,1090955.0,1090938.0,1091758.0,1091649.0,M10208_opa_2,0.0,M10208,Neisseria meningitidis
339,NZ_CP009422.1,1,1262351.0,1262406.0,1263114.0,1263132.0,1262327.0,1263131.0,1262420.0,M10208_opa_3,1.0,M10208,Neisseria meningitidis
340,NZ_CP009422.1,1,1442623.0,1442673.0,1443405.0,1443423.0,1442599.0,1443422.0,1442687.0,M10208_opa_4,0.0,M10208,Neisseria meningitidis
341,NZ_CP021723.1,-1,548373.0,548413.0,547650.0,547668.0,547651.0,548438.0,548359.0,13-600_opa_1,0.0,13-600,Neisseria meningitidis
342,NZ_CP021723.1,-1,1076450.0,1076485.0,1075718.0,1075736.0,1075719.0,1076510.0,1076436.0,13-600_opa_2,0.0,13-600,Neisseria meningitidis
343,NZ_CP021723.1,1,1247560.0,1247610.0,1248336.0,1248354.0,1247535.0,1248353.0,1247624.0,13-600_opa_3,0.0,13-600,Neisseria meningitidis
344,NZ_CP021723.1,1,1417752.0,1417837.0,1418548.0,1418566.0,1417727.0,1418565.0,1417851.0,13-600_opa_4,0.0,13-600,Neisseria meningitidis
345,NZ_CP016885.1,-1,573899.0,573914.0,573167.0,573185.0,573168.0,573938.0,573885.0,M25073_opa_1,0.0,M25073,Neisseria meningitidis
346,NZ_CP016885.1,-1,1108334.0,1108439.0,1107611.0,1107629.0,1107612.0,1108464.0,1108320.0,M25073_opa_2,1.0,M25073,Neisseria meningitidis
347,NZ_CP016885.1,1,1279081.0,1279126.0,1279831.0,1279849.0,1279057.0,1279848.0,1279140.0,M25073_opa_3,0.0,M25073,Neisseria meningitidis
348,NZ_CP016885.1,1,1459359.0,1459409.0,1460138.0,1460156.0,1459335.0,1460155.0,1459423.0,M25073_opa_4,0.0,M25073,Neisseria meningitidis
349,NZ_CP016671.1,-1,547859.0,547899.0,547124.0,547142.0,547125.0,547924.0,547845.0,M22783_opa_1,0.0,M22783,Neisseria meningitidis
350,NZ_CP016671.1,-1,1089417.0,1089462.0,1088679.0,1088697.0,1088680.0,1089487.0,1089403.0,M22783_opa_2,1.0,M22783,Neisseria meningitidis
351,NZ_CP016671.1,1,1263734.0,1263774.0,1264479.0,1264497.0,1263709.0,1264496.0,1263788.0,M22783_opa_3,0.0,M22783,Neisseria meningitidis
352,NZ_CP016671.1,1,1435024.0,1435064.0,1435781.0,1435799.0,1434999.0,1435798.0,1435078.0,M22783_opa_4,0.0,M22783,Neisseria meningitidis
353,NZ_CP016660.1,-1,548772.0,548832.0,548034.0,548052.0,548035.0,548857.0,548758.0,M22804_opa_1,1.0,M22804,Neisseria meningitidis
354,NZ_CP016660.1,-1,1087833.0,1087878.0,1087095.0,1087113.0,1087096.0,1087903.0,1087819.0,M22804_opa_2,1.0,M22804,Neisseria meningitidis
355,NZ_CP016660.1,1,1262174.0,1262224.0,1262929.0,1262947.0,1262149.0,1262946.0,1262238.0,M22804_opa_3,0.0,M22804,Neisseria meningitidis
356,NZ_CP016660.1,1,1433278.0,1433318.0,1434038.0,1434056.0,1433253.0,1434055.0,1433332.0,M22804_opa_4,0.0,M22804,Neisseria meningitidis
357,NZ_CP016664.1,-1,572789.0,572804.0,572057.0,572075.0,572058.0,572828.0,572775.0,M25070_opa_1,0.0,M25070,Neisseria meningitidis
358,NZ_CP016664.1,-1,1074498.0,1074593.0,1073766.0,1073784.0,1073767.0,1074618.0,1074484.0,M25070_opa_2,0.0,M25070,Neisseria meningitidis
359,NZ_CP016664.1,1,1245479.0,1245519.0,1246224.0,1246242.0,1245454.0,1246241.0,1245533.0,M25070_opa_3,0.0,M25070,Neisseria meningitidis
360,NZ_CP016664.1,1,1425732.0,1425777.0,1426506.0,1426524.0,1425708.0,1426523.0,1425791.0,M25070_opa_4,0.0,M25070,Neisseria meningitidis
361,NZ_CP016684.1,-1,578770.0,578810.0,578047.0,578065.0,578048.0,578835.0,578756.0,L91543_opa_1,0.0,L91543,Neisseria meningitidis
362,NZ_CP016684.1,-1,1079849.0,1079939.0,1079127.0,1079145.0,1079128.0,1079964.0,1079835.0,L91543_opa_2,1.0,L91543,Neisseria meningitidis
363,NZ_CP016684.1,1,1250666.0,1250701.0,1251424.0,1251442.0,1250642.0,1251441.0,1250715.0,L91543_opa_3,0.0,L91543,Neisseria meningitidis
364,NZ_CP016684.1,1,1426992.0,1427042.0,1427765.0,1427783.0,1426968.0,1427782.0,1427056.0,L91543_opa_4,0.0,L91543,Neisseria meningitidis
365,NZ_CP016676.1,-1,572957.0,572972.0,572225.0,572243.0,572226.0,572996.0,572943.0,M25476_opa_1,0.0,M25476,Neisseria meningitidis
366,NZ_CP016676.1,-1,1074658.0,1074748.0,1073926.0,1073944.0,1073927.0,1074773.0,1074644.0,M25476_opa_2,1.0,M25476,Neisseria meningitidis
367,NZ_CP016676.1,1,1245625.0,1245685.0,1246396.0,1246414.0,1245601.0,1246413.0,1245699.0,M25476_opa_3,0.0,M25476,Neisseria meningitidis
368,NZ_CP016676.1,1,1425903.0,1425938.0,1426667.0,1426685.0,1425879.0,1426684.0,1425952.0,M25476_opa_4,0.0,M25476,Neisseria meningitidis
369,NC_017514.1,-1,312420.0,312460.0,311673.0,311691.0,311674.0,312485.0,312406.0,M01-240149_opa_1,0.0,M01-240149,Neisseria meningitidis
370,NC_017514.1,1,487953.0,488003.0,488720.0,488738.0,487928.0,488737.0,488017.0,M01-240149_opa_2,0.0,M01-240149,Neisseria meningitidis
371,NC_017514.1,1,999151.0,999201.0,999915.0,999933.0,999127.0,999932.0,999215.0,M01-240149_opa_3,0.0,M01-240149,Neisseria meningitidis
372,NC_017514.1,1,1491911.0,1491961.0,1492684.0,1492702.0,1491887.0,1492701.0,1491975.0,M01-240149_opa_4,0.0,M01-240149,Neisseria meningitidis
373,NZ_CP030816.1,-1,574188.0,574233.0,573456.0,573474.0,573457.0,574257.0,574174.0,16-92_opa_1,0.0,16-92,Neisseria meningitidis
374,NZ_CP030816.1,-1,1091275.0,1091320.0,1090549.0,1090567.0,1090550.0,1091345.0,1091261.0,16-92_opa_2,1.0,16-92,Neisseria meningitidis
375,NZ_CP030816.1,1,1262051.0,1262086.0,1262794.0,1262812.0,1262026.0,1262811.0,1262100.0,16-92_opa_3,0.0,16-92,Neisseria meningitidis
376,NZ_CP030816.1,1,1434284.0,1434319.0,1435042.0,1435060.0,1434260.0,1435059.0,1434333.0,16-92_opa_4,0.0,16-92,Neisseria meningitidis
377,NZ_CP030822.1,-1,571120.0,571165.0,570388.0,570406.0,570389.0,571189.0,571106.0,15-123_opa_1,0.0,15-123,Neisseria meningitidis
378,NZ_CP030822.1,-1,1085989.0,1086059.0,1085263.0,1085281.0,1085264.0,1086084.0,1085975.0,15-123_opa_2,0.0,15-123,Neisseria meningitidis
379,NZ_CP030822.1,1,1256768.0,1256858.0,1257566.0,1257584.0,1256743.0,1257583.0,1256872.0,15-123_opa_3,1.0,15-123,Neisseria meningitidis
380,NZ_CP030822.1,1,1430142.0,1430177.0,1430891.0,1430909.0,1430118.0,1430908.0,1430191.0,15-123_opa_4,0.0,15-123,Neisseria meningitidis
381,NC_017516.1,-1,616249.0,616304.0,615526.0,615544.0,615527.0,616329.0,616235.0,H44_76_opa_1,0.0,H44_76,Neisseria meningitidis
382,NC_017516.1,-1,1160396.0,1160466.0,1159655.0,1159673.0,1159656.0,1160491.0,1160382.0,H44_76_opa_2,0.0,H44_76,Neisseria meningitidis
383,NC_017516.1,1,1344734.0,1344774.0,1345503.0,1345521.0,1344709.0,1345520.0,1344788.0,H44_76_opa_3,0.0,H44_76,Neisseria meningitidis
384,NC_017516.1,1,1519032.0,1519082.0,1519787.0,1519805.0,1519007.0,1519804.0,1519096.0,H44_76_opa_4,0.0,H44_76,Neisseria meningitidis
385,NZ_CP016680.1,-1,551493.0,551528.0,550755.0,550773.0,550756.0,551553.0,551479.0,M22822_opa_1,0.0,M22822,Neisseria meningitidis
386,NZ_CP016680.1,-1,1090327.0,1090402.0,1089589.0,1089607.0,1089590.0,1090427.0,1090313.0,M22822_opa_2,1.0,M22822,Neisseria meningitidis
387,NZ_CP016680.1,1,1264342.0,1264387.0,1265092.0,1265110.0,1264317.0,1265109.0,1264401.0,M22822_opa_3,1.0,M22822,Neisseria meningitidis
388,NZ_CP016680.1,1,1436537.0,1436592.0,1437312.0,1437330.0,1436512.0,1437329.0,1436606.0,M22822_opa_4,0.0,M22822,Neisseria meningitidis
389,NZ_CP016673.1,-1,574148.0,574163.0,573416.0,573434.0,573417.0,574187.0,574134.0,M25459_opa_1,0.0,M25459,Neisseria meningitidis
390,NZ_CP016673.1,-1,1075840.0,1075915.0,1075117.0,1075135.0,1075118.0,1075940.0,1075826.0,M25459_opa_2,1.0,M25459,Neisseria meningitidis
391,NZ_CP016673.1,1,1246776.0,1246826.0,1247531.0,1247549.0,1246752.0,1247548.0,1246840.0,M25459_opa_3,0.0,M25459,Neisseria meningitidis
392,NZ_CP016673.1,1,1427041.0,1427081.0,1427810.0,1427828.0,1427017.0,1427827.0,1427095.0,M25459_opa_4,1.0,M25459,Neisseria meningitidis
393,NZ_CP031327.1,-1,,,582245.0,582263.0,,,,,,M27477,Neisseria meningitidis
394,NZ_CP031327.1,-1,1117142.0,1117212.0,1116419.0,1116437.0,1116420.0,1117237.0,1117128.0,M27477_opa_1,0.0,M27477,Neisseria meningitidis
395,NZ_CP031327.1,1,1300422.0,1300457.0,1301162.0,1301180.0,1300398.0,1301179.0,1300471.0,M27477_opa_2,0.0,M27477,Neisseria meningitidis
396,NZ_CP031327.1,1,1482422.0,1482467.0,1483193.0,1483211.0,1482398.0,1483210.0,1482481.0,M27477_opa_3,0.0,M27477,Neisseria meningitidis
397,NZ_CP040504.1,1,1360636.0,1360658.0,1361447.0,1361465.0,,1361464.0,1360873.0,,,F0314,Neisseria sp.
398,NZ_CP030826.1,-1,572413.0,572443.0,571681.0,571699.0,571682.0,572467.0,572399.0,11-251_opa_1,0.0,11-251,Neisseria meningitidis
399,NZ_CP030826.1,-1,1094311.0,1094386.0,1093588.0,1093606.0,1093589.0,1094411.0,1094297.0,11-251_opa_2,1.0,11-251,Neisseria meningitidis
400,NZ_CP030826.1,1,1266657.0,1266707.0,1267415.0,1267433.0,1266632.0,1267432.0,1266721.0,11-251_opa_3,0.0,11-251,Neisseria meningitidis
401,NZ_CP030826.1,1,1438908.0,1438943.0,1439666.0,1439684.0,1438884.0,1439683.0,1438957.0,11-251_opa_4,0.0,11-251,Neisseria meningitidis
402,NZ_CP016677.1,-1,574132.0,574147.0,573400.0,573418.0,573401.0,574171.0,574118.0,M25456_opa_1,0.0,M25456,Neisseria meningitidis
403,NZ_CP016677.1,-1,1075833.0,1075903.0,1075110.0,1075128.0,1075111.0,1075928.0,1075819.0,M25456_opa_2,0.0,M25456,Neisseria meningitidis
404,NZ_CP016677.1,1,1246764.0,1246814.0,1247519.0,1247537.0,1246740.0,1247536.0,1246828.0,M25456_opa_3,0.0,M25456,Neisseria meningitidis
405,NZ_CP016677.1,1,1427029.0,1427069.0,1427798.0,1427816.0,1427005.0,1427815.0,1427083.0,M25456_opa_4,1.0,M25456,Neisseria meningitidis
406,NZ_CP012391.1,-1,77010.0,77035.0,76269.0,76287.0,76270.0,77059.0,76996.0,DE8669_opa_1,1.0,DE8669,Neisseria meningitidis
407,NZ_CP012391.1,-1,588103.0,588248.0,587356.0,587374.0,587357.0,588273.0,588089.0,DE8669_opa_2,0.0,DE8669,Neisseria meningitidis
408,NZ_CP012391.1,1,762266.0,762321.0,763050.0,763068.0,762241.0,763067.0,762335.0,DE8669_opa_3,0.0,DE8669,Neisseria meningitidis
409,NZ_CP012391.1,1,1496428.0,1496468.0,1497188.0,1497206.0,1496404.0,1497205.0,1496482.0,DE8669_opa_4,1.0,DE8669,Neisseria meningitidis
410,NZ_CP016884.1,-1,571967.0,572017.0,571229.0,571247.0,571230.0,572041.0,571953.0,M22797_opa_1,0.0,M22797,Neisseria meningitidis
411,NZ_CP016884.1,-1,1073702.0,1074127.0,1072979.0,1072997.0,1072980.0,1074152.0,1073688.0,M22797_opa_2,0.0,M22797,Neisseria meningitidis
412,NZ_CP016884.1,1,1245033.0,1245123.0,1245828.0,1245846.0,1245009.0,1245845.0,1245137.0,M22797_opa_3,0.0,M22797,Neisseria meningitidis
413,NZ_CP016884.1,1,1424031.0,1424066.0,1424798.0,1424816.0,1424007.0,1424815.0,1424080.0,M22797_opa_4,0.0,M22797,Neisseria meningitidis
414,NZ_CP016651.1,-1,573556.0,573571.0,572824.0,572842.0,572825.0,573595.0,573542.0,M25474_opa_1,0.0,M25474,Neisseria meningitidis
415,NZ_CP016651.1,-1,1075266.0,1075391.0,1074543.0,1074561.0,1074544.0,1075416.0,1075252.0,M25474_opa_2,0.0,M25474,Neisseria meningitidis
416,NZ_CP016651.1,1,1246249.0,1246284.0,1246989.0,1247007.0,1246225.0,1247006.0,1246298.0,M25474_opa_3,0.0,M25474,Neisseria meningitidis
417,NZ_CP016651.1,1,1426497.0,1426537.0,1427266.0,1427284.0,1426473.0,1427283.0,1426551.0,M25474_opa_4,1.0,M25474,Neisseria meningitidis
418,NZ_CP137531.1,-1,570818.0,570888.0,570086.0,570104.0,570087.0,570912.0,570804.0,EXNM741_opa_1,1.0,EXNM741,Neisseria meningitidis
419,NZ_CP137531.1,-1,1084167.0,1084227.0,1083438.0,1083456.0,1083439.0,1084251.0,1084153.0,EXNM741_opa_2,0.0,EXNM741,Neisseria meningitidis
420,NZ_CP137531.1,1,1256021.0,1256091.0,1256799.0,1256817.0,1255996.0,1256816.0,1256105.0,EXNM741_opa_3,0.0,EXNM741,Neisseria meningitidis
421,NZ_CP137531.1,1,1430226.0,1430271.0,1430988.0,1431006.0,1430202.0,1431005.0,1430285.0,EXNM741_opa_4,0.0,EXNM741,Neisseria meningitidis
422,NZ_CP021724.1,-1,549117.0,549167.0,548394.0,548412.0,548395.0,549192.0,549103.0,12-330_opa_1,0.0,12-330,Neisseria meningitidis
423,NZ_CP021724.1,-1,1076883.0,1076918.0,1076151.0,1076169.0,1076152.0,1076943.0,1076869.0,12-330_opa_2,0.0,12-330,Neisseria meningitidis
424,NZ_CP021724.1,1,1247985.0,1248015.0,1248741.0,1248759.0,1247960.0,1248758.0,1248029.0,12-330_opa_3,1.0,12-330,Neisseria meningitidis
425,NZ_CP021724.1,1,1416810.0,1416870.0,1417581.0,1417599.0,1416785.0,1417598.0,1416884.0,12-330_opa_4,1.0,12-330,Neisseria meningitidis
426,NZ_CP016655.1,-1,574266.0,574281.0,573534.0,573552.0,573535.0,574305.0,574252.0,M22772_opa_1,0.0,M22772,Neisseria meningitidis
427,NZ_CP016655.1,-1,1075887.0,1076277.0,1075164.0,1075182.0,1075165.0,1076302.0,1075873.0,M22772_opa_2,1.0,M22772,Neisseria meningitidis
428,NZ_CP016655.1,1,1247149.0,1247219.0,1247921.0,1247939.0,1247125.0,1247938.0,1247233.0,M22772_opa_3,1.0,M22772,Neisseria meningitidis
429,NZ_CP016655.1,1,1426607.0,1426672.0,1427404.0,1427422.0,1426583.0,1427421.0,1426686.0,M22772_opa_4,0.0,M22772,Neisseria meningitidis
430,NZ_CP016644.1,-1,572608.0,572663.0,571876.0,571894.0,571877.0,572687.0,572594.0,M07162_opa_1,1.0,M07162,Neisseria meningitidis
431,NZ_CP016644.1,-1,1093961.0,1094001.0,1093238.0,1093256.0,1093239.0,1094026.0,1093947.0,M07162_opa_2,0.0,M07162,Neisseria meningitidis
432,NZ_CP016644.1,1,1264921.0,1264966.0,1265686.0,1265704.0,1264897.0,1265703.0,1264980.0,M07162_opa_3,0.0,M07162,Neisseria meningitidis
433,NZ_CP016644.1,1,1445375.0,1445420.0,1446152.0,1446170.0,1445351.0,1446169.0,1445434.0,M07162_opa_4,0.0,M07162,Neisseria meningitidis
434,NZ_CP017257.1,-1,,,580216.0,580234.0,,,,,,COL-201504-11,Neisseria meningitidis
435,NZ_CP017257.1,-1,1090781.0,1090821.0,1090058.0,1090076.0,1090059.0,1090844.0,1090767.0,COL-201504-11_opa_1,0.0,COL-201504-11,Neisseria meningitidis
436,NZ_CP017257.1,1,1264664.0,1264709.0,1265423.0,1265441.0,1264640.0,1265440.0,1264723.0,COL-201504-11_opa_2,0.0,COL-201504-11,Neisseria meningitidis
437,NZ_CP017257.1,1,1447984.0,1448039.0,1448765.0,1448783.0,1447960.0,1448782.0,1448053.0,COL-201504-11_opa_3,1.0,COL-201504-11,Neisseria meningitidis
438,NZ_CP016663.1,-1,573371.0,573386.0,572639.0,572657.0,572640.0,573410.0,573357.0,M22722_opa_1,0.0,M22722,Neisseria meningitidis
439,NZ_CP016663.1,-1,1074974.0,1075232.0,1074251.0,1074269.0,1074252.0,1075257.0,1074960.0,M22722_opa_2,1.0,M22722,Neisseria meningitidis
440,NZ_CP016663.1,1,1246113.0,1246178.0,1246880.0,1246898.0,1246089.0,1246897.0,1246192.0,M22722_opa_3,0.0,M22722,Neisseria meningitidis
441,NZ_CP016663.1,1,1425513.0,1425563.0,1426295.0,1426313.0,1425489.0,1426312.0,1425577.0,M22722_opa_4,0.0,M22722,Neisseria meningitidis
442,NZ_LR134526.1,-1,338690.0,338740.0,337949.0,337967.0,337950.0,338765.0,338676.0,NCTC10026_opa_1,0.0,NCTC10026,Neisseria meningitidis
443,NZ_LR134526.1,1,525049.0,525084.0,525795.0,525813.0,525025.0,525812.0,525098.0,NCTC10026_opa_2,0.0,NCTC10026,Neisseria meningitidis
444,NZ_LR134526.1,1,1045731.0,1045796.0,1046519.0,1046537.0,1045706.0,1046536.0,1045810.0,NCTC10026_opa_3,0.0,NCTC10026,Neisseria meningitidis
445,NZ_LR134526.1,1,1557389.0,1557424.0,1558153.0,1558171.0,1557364.0,1558170.0,1557438.0,NCTC10026_opa_4,0.0,NCTC10026,Neisseria meningitidis
446,NZ_CP021523.1,-1,551035.0,551135.0,550312.0,550330.0,550313.0,551160.0,551021.0,98-182_opa_1,0.0,98-182,Neisseria meningitidis
447,NZ_CP021523.1,-1,1077519.0,1077574.0,1076778.0,1076796.0,1076779.0,1077599.0,1077505.0,98-182_opa_2,0.0,98-182,Neisseria meningitidis
448,NZ_CP021523.1,1,1249050.0,1249090.0,1249816.0,1249834.0,1249025.0,1249833.0,1249104.0,98-182_opa_3,0.0,98-182,Neisseria meningitidis
449,NZ_CP021523.1,1,1419862.0,1419937.0,1420648.0,1420666.0,1419837.0,1420665.0,1419951.0,98-182_opa_4,1.0,98-182,Neisseria meningitidis
450,NZ_CP031699.1,-1,,,1653933.0,1653951.0,,,,,,ATCC49930,Neisseria animalis
451,NZ_CP031699.1,-1,,,1654883.0,1654901.0,,,,,,ATCC49930,Neisseria animalis
452,NZ_CP007668.1,-1,565071.0,565146.0,564339.0,564357.0,564340.0,565170.0,565057.0,M0579_opa_1,0.0,M0579,Neisseria meningitidis
453,NZ_CP007668.1,-1,1174919.0,1175014.0,1174196.0,1174214.0,1174197.0,1175039.0,1174905.0,M0579_opa_2,0.0,M0579,Neisseria meningitidis
454,NZ_CP007668.1,1,1349588.0,1349628.0,1350357.0,1350375.0,1349563.0,1350374.0,1349642.0,M0579_opa_3,0.0,M0579,Neisseria meningitidis
455,NZ_CP007668.1,1,1584124.0,1584179.0,1584884.0,1584902.0,1584100.0,1584901.0,1584193.0,M0579_opa_4,1.0,M0579,Neisseria meningitidis
456,NZ_LR134287.1,-1,,,740944.0,740962.0,,,,,,NCTC10212,Neisseria animalis
457,NZ_LR134287.1,-1,,,741894.0,741912.0,,,,,,NCTC10212,Neisseria animalis
458,NZ_CP016650.1,-1,574136.0,574151.0,573404.0,573422.0,573405.0,574175.0,574122.0,M07149_opa_1,0.0,M07149,Neisseria meningitidis
459,NZ_CP016650.1,-1,1075735.0,1075900.0,1075012.0,1075030.0,1075013.0,1075925.0,1075721.0,M07149_opa_2,1.0,M07149,Neisseria meningitidis
460,NZ_CP016650.1,1,1246770.0,1246840.0,1247542.0,1247560.0,1246746.0,1247559.0,1246854.0,M07149_opa_3,1.0,M07149,Neisseria meningitidis
461,NZ_CP016650.1,1,1426177.0,1426237.0,1426969.0,1426987.0,1426153.0,1426986.0,1426251.0,M07149_opa_4,0.0,M07149,Neisseria meningitidis
462,NZ_CP016672.1,-1,549150.0,549195.0,548412.0,548430.0,548413.0,549220.0,549136.0,M22828_opa_1,1.0,M22828,Neisseria meningitidis
463,NZ_CP016672.1,-1,1088018.0,1088068.0,1087280.0,1087298.0,1087281.0,1088093.0,1088004.0,M22828_opa_2,0.0,M22828,Neisseria meningitidis
464,NZ_CP016672.1,1,1261932.0,1261987.0,1262692.0,1262710.0,1261907.0,1262709.0,1262001.0,M22828_opa_3,0.0,M22828,Neisseria meningitidis
465,NZ_CP016672.1,1,1433296.0,1433341.0,1434061.0,1434079.0,1433271.0,1434078.0,1433355.0,M22828_opa_4,1.0,M22828,Neisseria meningitidis
466,NC_017517.1,-1,328112.0,328147.0,327395.0,327413.0,327396.0,328172.0,328098.0,M01-240355_opa_1,0.0,M01-240355,Neisseria meningitidis
467,NC_017517.1,1,513243.0,513328.0,514033.0,514051.0,513218.0,514050.0,513342.0,M01-240355_opa_2,0.0,M01-240355,Neisseria meningitidis
468,NC_017517.1,1,516001.0,516076.0,516796.0,516814.0,515977.0,516813.0,516090.0,M01-240355_opa_3,0.0,M01-240355,Neisseria meningitidis
469,NC_017517.1,1,1034769.0,1034824.0,1035544.0,1035562.0,1034744.0,1035561.0,1034838.0,M01-240355_opa_4,0.0,M01-240355,Neisseria meningitidis
470,NC_017517.1,1,1535356.0,1535406.0,1536126.0,1536144.0,1535331.0,1536143.0,1535420.0,M01-240355_opa_5,0.0,M01-240355,Neisseria meningitidis
471,NZ_CP016654.1,-1,551389.0,551434.0,550651.0,550669.0,550652.0,551459.0,551375.0,M22811_opa_1,1.0,M22811,Neisseria meningitidis
472,NZ_CP016654.1,-1,1092995.0,1093030.0,1092257.0,1092275.0,1092258.0,1093055.0,1092981.0,M22811_opa_2,0.0,M22811,Neisseria meningitidis
473,NZ_CP016654.1,1,1267290.0,1267350.0,1268055.0,1268073.0,1267265.0,1268072.0,1267364.0,M22811_opa_3,1.0,M22811,Neisseria meningitidis
474,NZ_CP016654.1,1,1438600.0,1438635.0,1439352.0,1439370.0,1438575.0,1439369.0,1438649.0,M22811_opa_4,0.0,M22811,Neisseria meningitidis
475,NZ_CP016668.1,-1,573122.0,573137.0,572390.0,572408.0,572391.0,573161.0,573108.0,M25472_opa_1,0.0,M25472,Neisseria meningitidis
476,NZ_CP016668.1,-1,1074812.0,1074872.0,1074083.0,1074101.0,1074084.0,1074896.0,1074798.0,M25472_opa_2,0.0,M25472,Neisseria meningitidis
477,NZ_CP016668.1,1,1246839.0,1246899.0,1247610.0,1247628.0,1246815.0,1247627.0,1246913.0,M25472_opa_3,0.0,M25472,Neisseria meningitidis
478,NZ_CP016668.1,1,1427117.0,1427147.0,1427876.0,1427894.0,1427093.0,1427893.0,1427161.0,M25472_opa_4,0.0,M25472,Neisseria meningitidis
479,NZ_CP031324.1,-1,591947.0,591992.0,591224.0,591242.0,591225.0,592016.0,591933.0,M23347_opa_1,0.0,M23347,Neisseria meningitidis
480,NZ_CP031324.1,-1,1133679.0,1133744.0,1132956.0,1132974.0,1132957.0,1133768.0,1133665.0,M23347_opa_2,0.0,M23347,Neisseria meningitidis
481,NZ_CP031324.1,1,1319613.0,1319653.0,1320358.0,1320376.0,1319589.0,1320375.0,1319667.0,M23347_opa_3,1.0,M23347,Neisseria meningitidis
482,NZ_CP031324.1,1,1555313.0,1555363.0,1556092.0,1556110.0,1555289.0,1556109.0,1555377.0,M23347_opa_4,0.0,M23347,Neisseria meningitidis
483,NZ_CP137530.1,-1,569897.0,569947.0,569165.0,569183.0,569166.0,569971.0,569883.0,EXNM678_opa_1,0.0,EXNM678,Neisseria meningitidis
484,NZ_CP137530.1,-1,1085164.0,1085204.0,1084438.0,1084456.0,1084439.0,1085229.0,1085150.0,EXNM678_opa_2,0.0,EXNM678,Neisseria meningitidis
485,NZ_CP137530.1,1,1256688.0,1256753.0,1257461.0,1257479.0,1256663.0,1257478.0,1256767.0,EXNM678_opa_3,0.0,EXNM678,Neisseria meningitidis
486,NZ_CP137530.1,1,1429706.0,1429751.0,1430471.0,1430489.0,1429682.0,1430488.0,1429765.0,EXNM678_opa_4,0.0,EXNM678,Neisseria meningitidis
487,NC_017512.1,-1,547910.0,547930.0,547172.0,547190.0,547173.0,547955.0,547896.0,WUE2594_opa_1,0.0,WUE2594,Neisseria meningitidis
488,NC_017512.1,-1,1082525.0,1082560.0,1081817.0,1081835.0,1081818.0,1082585.0,1082511.0,WUE2594_opa_2,0.0,WUE2594,Neisseria meningitidis
489,NC_017512.1,1,1287226.0,1287261.0,1287984.0,1288002.0,1287201.0,1288001.0,1287275.0,WUE2594_opa_3,0.0,WUE2594,Neisseria meningitidis
490,NC_017512.1,1,1456215.0,1456275.0,1456986.0,1457004.0,1456190.0,1457003.0,1456289.0,WUE2594_opa_4,1.0,WUE2594,Neisseria meningitidis
491,NZ_CP031336.1,-1,,,577743.0,577761.0,,,,,,M21717,Neisseria meningitidis
492,NZ_CP031336.1,-1,1080225.0,1080300.0,1079502.0,1079520.0,1079503.0,1080325.0,1080211.0,M21717_opa_1,1.0,M21717,Neisseria meningitidis
493,NZ_CP031336.1,1,1254365.0,1254405.0,1255104.0,1255122.0,1254340.0,1255121.0,1254419.0,M21717_opa_2,0.0,M21717,Neisseria meningitidis
494,NZ_CP031336.1,1,1435996.0,1436056.0,1436773.0,1436791.0,1435971.0,1436790.0,1436070.0,M21717_opa_3,1.0,M21717,Neisseria meningitidis
495,NZ_CP012694.1,-1,549819.0,549839.0,549081.0,549099.0,549082.0,549864.0,549805.0,331401_opa_1,0.0,331401,Neisseria meningitidis
496,NZ_CP012694.1,-1,1083007.0,1083122.0,1082299.0,1082317.0,1082300.0,1083147.0,1082993.0,331401_opa_2,0.0,331401,Neisseria meningitidis
497,NZ_CP012694.1,1,1290112.0,1290152.0,1290841.0,1290859.0,1290087.0,1290858.0,1290166.0,331401_opa_3,0.0,331401,Neisseria meningitidis
498,NZ_CP012694.1,1,1460262.0,1460307.0,1461018.0,1461036.0,1460237.0,1461035.0,1460321.0,331401_opa_4,1.0,331401,Neisseria meningitidis
499,NZ_CP031700.1,1,1594754.0,1594773.0,1595317.0,1595335.0,,1595334.0,1595280.0,,,ATCCBAA-2455,Neisseria zalophi
500,NZ_CP136807.1,-1,589393.0,589413.0,588652.0,588670.0,588653.0,589437.0,589379.0,NMB_opa_1,0.0,NMB,Neisseria meningitidis
501,NZ_CP136807.1,-1,1088890.0,1088935.0,1088170.0,1088188.0,1088171.0,1088960.0,1088876.0,NMB_opa_2,1.0,NMB,Neisseria meningitidis
502,NZ_CP136807.1,1,1260277.0,1260317.0,1261034.0,1261052.0,1260252.0,1261051.0,1260331.0,NMB_opa_3,0.0,NMB,Neisseria meningitidis
503,NZ_CP136807.1,1,1428592.0,1428632.0,1429337.0,1429355.0,1428568.0,1429354.0,1428646.0,NMB_opa_4,1.0,NMB,Neisseria meningitidis
504,NZ_CP016678.1,-1,581531.0,581596.0,580799.0,580817.0,580800.0,581620.0,581517.0,M25419_opa_1,0.0,M25419,Neisseria meningitidis
505,NZ_CP016678.1,-1,1097149.0,1097214.0,1096423.0,1096441.0,1096424.0,1097239.0,1097135.0,M25419_opa_2,0.0,M25419,Neisseria meningitidis
506,NZ_CP016678.1,1,1267462.0,1267502.0,1268210.0,1268228.0,1267437.0,1268227.0,1267516.0,M25419_opa_3,0.0,M25419,Neisseria meningitidis
507,NZ_CP016678.1,1,1439707.0,1439747.0,1440470.0,1440488.0,1439683.0,1440487.0,1439761.0,M25419_opa_4,1.0,M25419,Neisseria meningitidis
508,NZ_CP020422.2,-1,338561.0,338611.0,337820.0,337838.0,337821.0,338636.0,338547.0,FDAARGOS_211_opa_1,0.0,FDAARGOS_211,Neisseria meningitidis
509,NZ_CP020422.2,1,524920.0,524955.0,525666.0,525684.0,524896.0,525683.0,524969.0,FDAARGOS_211_opa_2,0.0,FDAARGOS_211,Neisseria meningitidis
510,NZ_CP020422.2,1,1045585.0,1045650.0,1046373.0,1046391.0,1045560.0,1046390.0,1045664.0,FDAARGOS_211_opa_3,0.0,FDAARGOS_211,Neisseria meningitidis
511,NZ_CP020422.2,1,1557244.0,1557279.0,1558008.0,1558026.0,1557219.0,1558025.0,1557293.0,FDAARGOS_211_opa_4,0.0,FDAARGOS_211,Neisseria meningitidis
512,NZ_AP024489.1,-1,773579.0,773654.0,772841.0,772859.0,772842.0,773678.0,773565.0,NIID777_opa_1,0.0,NIID777,Neisseria meningitidis
513,NZ_AP024489.1,-1,946970.0,947005.0,946232.0,946250.0,946233.0,947029.0,946956.0,NIID777_opa_2,0.0,NIID777,Neisseria meningitidis
514,NZ_AP024489.1,1,1113382.0,1113502.0,1114222.0,1114240.0,1113358.0,1114239.0,1113516.0,NIID777_opa_3,0.0,NIID777,Neisseria meningitidis
515,NZ_AP024489.1,1,1655965.0,1656005.0,1656728.0,1656746.0,1655940.0,1656745.0,1656019.0,NIID777_opa_4,0.0,NIID777,Neisseria meningitidis
516,NC_017505.1,-1,310829.0,310869.0,310106.0,310124.0,310107.0,310893.0,310815.0,alpha710_opa_1,1.0,alpha710,Neisseria meningitidis
517,NC_017505.1,-1,454808.0,454843.0,454076.0,454094.0,454077.0,454867.0,454794.0,alpha710_opa_2,0.0,alpha710,Neisseria meningitidis
518,NC_017505.1,-1,1000953.0,1001008.0,1000227.0,1000245.0,1000228.0,1001030.0,1000939.0,alpha710_opa_3,0.0,alpha710,Neisseria meningitidis
519,NC_017505.1,1,1515946.0,1515981.0,1516713.0,1516731.0,1515922.0,1516730.0,1515995.0,alpha710_opa_4,0.0,alpha710,Neisseria meningitidis
520,NZ_LR134528.1,-1,575049.0,575074.0,574329.0,574347.0,574330.0,575099.0,575035.0,NCTC12163_opa_1,0.0,NCTC12163,Neisseria meningitidis
521,NZ_LR134528.1,-1,1108263.0,1108318.0,1107525.0,1107543.0,1107526.0,1108343.0,1108249.0,NCTC12163_opa_2,0.0,NCTC12163,Neisseria meningitidis
522,NZ_LR134528.1,1,1328107.0,1328162.0,1328888.0,1328906.0,1328082.0,1328905.0,1328176.0,NCTC12163_opa_3,0.0,NCTC12163,Neisseria meningitidis
523,NZ_LR134528.1,-1,1950911.0,1950961.0,1950182.0,1950200.0,1950183.0,1950986.0,1950897.0,NCTC12163_opa_4,0.0,NCTC12163,Neisseria meningitidis
524,NC_003112.2,-1,305597.0,305652.0,304856.0,304874.0,304857.0,305677.0,305583.0,MC58_opa_1,0.0,MC58,Neisseria meningitidis
525,NC_003112.2,1,490623.0,490688.0,491411.0,491429.0,490598.0,491428.0,490702.0,MC58_opa_2,0.0,MC58,Neisseria meningitidis
526,NC_003112.2,1,1065596.0,1065676.0,1066381.0,1066399.0,1065571.0,1066398.0,1065690.0,MC58_opa_3,0.0,MC58,Neisseria meningitidis
527,NC_003112.2,1,1550281.0,1550331.0,1551036.0,1551054.0,1550256.0,1551053.0,1550345.0,MC58_opa_4,0.0,MC58,Neisseria meningitidis
528,NZ_CP016652.1,-1,571435.0,571490.0,570703.0,570721.0,570704.0,571514.0,571421.0,M08001_opa_1,1.0,M08001,Neisseria meningitidis
529,NZ_CP016652.1,-1,1073090.0,1073145.0,1072367.0,1072385.0,1072368.0,1073170.0,1073076.0,M08001_opa_2,0.0,M08001,Neisseria meningitidis
530,NZ_CP016652.1,1,1243993.0,1244058.0,1244760.0,1244778.0,1243969.0,1244777.0,1244072.0,M08001_opa_3,0.0,M08001,Neisseria meningitidis
531,NZ_CP016652.1,1,1423239.0,1423274.0,1424006.0,1424024.0,1423215.0,1424023.0,1423288.0,M08001_opa_4,0.0,M08001,Neisseria meningitidis
532,NZ_CP006869.1,-1,557014.0,557059.0,556291.0,556309.0,556292.0,557084.0,557000.0,LNP21362_opa_1,1.0,LNP21362,Neisseria meningitidis
533,NZ_CP006869.1,1,1254190.0,1254210.0,1254939.0,1254957.0,1254165.0,1254956.0,1254224.0,LNP21362_opa_2,0.0,LNP21362,Neisseria meningitidis
534,NZ_CP006869.1,1,1424432.0,1424477.0,1425182.0,1425200.0,1424407.0,1425199.0,1424491.0,LNP21362_opa_3,1.0,LNP21362,Neisseria meningitidis
535,NZ_CP016674.1,-1,576511.0,576581.0,575782.0,575800.0,575783.0,576605.0,576497.0,M22160_opa_1,1.0,M22160,Neisseria meningitidis
536,NZ_CP016674.1,-1,1078230.0,1078300.0,1077507.0,1077525.0,1077508.0,1078325.0,1078216.0,M22160_opa_2,0.0,M22160,Neisseria meningitidis
537,NZ_CP016674.1,1,1249131.0,1249206.0,1249911.0,1249929.0,1249107.0,1249928.0,1249220.0,M22160_opa_3,0.0,M22160,Neisseria meningitidis
538,NZ_CP016674.1,1,1428581.0,1428641.0,1429373.0,1429391.0,1428557.0,1429390.0,1428655.0,M22160_opa_4,0.0,M22160,Neisseria meningitidis
539,NZ_CP021522.1,-1,547668.0,547718.0,546945.0,546963.0,546946.0,547743.0,547654.0,06-178_opa_1,0.0,06-178,Neisseria meningitidis
540,NZ_CP021522.1,-1,1075763.0,1075828.0,1075031.0,1075049.0,1075032.0,1075853.0,1075749.0,06-178_opa_2,0.0,06-178,Neisseria meningitidis
541,NZ_CP021522.1,1,1246324.0,1246369.0,1247095.0,1247113.0,1246299.0,1247112.0,1246383.0,06-178_opa_3,1.0,06-178,Neisseria meningitidis
542,NZ_CP021522.1,1,1416466.0,1416516.0,1417227.0,1417245.0,1416441.0,1417244.0,1416530.0,06-178_opa_4,0.0,06-178,Neisseria meningitidis
543,NZ_CP012392.1,-1,558218.0,558253.0,557480.0,557498.0,557481.0,558278.0,558204.0,DE10444_opa_1,0.0,DE10444,Neisseria meningitidis
544,NZ_CP012392.1,-1,1089041.0,1089076.0,1088300.0,1088318.0,1088301.0,1089101.0,1089027.0,DE10444_opa_2,0.0,DE10444,Neisseria meningitidis
545,NZ_CP012392.1,1,1260810.0,1260845.0,1261568.0,1261586.0,1260786.0,1261585.0,1260859.0,DE10444_opa_3,0.0,DE10444,Neisseria meningitidis
546,NZ_CP012392.1,1,1427497.0,1427532.0,1428261.0,1428279.0,1427472.0,1428278.0,1427546.0,DE10444_opa_4,0.0,DE10444,Neisseria meningitidis
547,NZ_CP016647.1,-1,549877.0,549922.0,549142.0,549160.0,549143.0,549947.0,549863.0,M22809_opa_1,1.0,M22809,Neisseria meningitidis
548,NZ_CP016647.1,-1,1092341.0,1092481.0,1091603.0,1091621.0,1091604.0,1092506.0,1092327.0,M22809_opa_2,0.0,M22809,Neisseria meningitidis
549,NZ_CP016647.1,1,1266745.0,1266790.0,1267495.0,1267513.0,1266720.0,1267512.0,1266804.0,M22809_opa_3,1.0,M22809,Neisseria meningitidis
550,NZ_CP016647.1,1,1438039.0,1438124.0,1438844.0,1438862.0,1438014.0,1438861.0,1438138.0,M22809_opa_4,0.0,M22809,Neisseria meningitidis
551,NZ_CP016886.1,-1,573909.0,573924.0,573177.0,573195.0,573178.0,573948.0,573895.0,M25074_opa_1,0.0,M25074,Neisseria meningitidis
552,NZ_CP016886.1,-1,1115255.0,1115360.0,1114532.0,1114550.0,1114533.0,1115385.0,1115241.0,M25074_opa_2,1.0,M25074,Neisseria meningitidis
553,NZ_CP016886.1,1,1286003.0,1286048.0,1286753.0,1286771.0,1285979.0,1286770.0,1286062.0,M25074_opa_3,0.0,M25074,Neisseria meningitidis
554,NZ_CP016886.1,1,1466281.0,1466331.0,1467060.0,1467078.0,1466257.0,1467077.0,1466345.0,M25074_opa_4,0.0,M25074,Neisseria meningitidis
555,NZ_CP021521.1,-1,566240.0,566285.0,565502.0,565520.0,565503.0,566310.0,566226.0,09-292_opa_1,1.0,09-292,Neisseria meningitidis
556,NZ_CP021521.1,-1,1102221.0,1102261.0,1101483.0,1101501.0,1101484.0,1102286.0,1102207.0,09-292_opa_2,0.0,09-292,Neisseria meningitidis
557,NZ_CP021521.1,1,1275020.0,1275070.0,1275796.0,1275814.0,1274996.0,1275813.0,1275084.0,09-292_opa_3,0.0,09-292,Neisseria meningitidis
558,NZ_CP021521.1,1,1444399.0,1444634.0,1445360.0,1445378.0,1444374.0,1445377.0,1444648.0,09-292_opa_4,0.0,09-292,Neisseria meningitidis
559,NZ_CP021725.1,-1,546836.0,546886.0,546113.0,546131.0,546114.0,546911.0,546822.0,95-134_opa_1,0.0,95-134,Neisseria meningitidis
560,NZ_CP021725.1,-1,1071683.0,1071768.0,1070942.0,1070960.0,1070943.0,1071793.0,1071669.0,95-134_opa_2,0.0,95-134,Neisseria meningitidis
561,NZ_CP021725.1,1,1243081.0,1243106.0,1243832.0,1243850.0,1243056.0,1243849.0,1243120.0,95-134_opa_3,0.0,95-134,Neisseria meningitidis
562,NZ_CP021725.1,1,1420389.0,1420449.0,1421160.0,1421178.0,1420364.0,1421177.0,1420463.0,95-134_opa_4,1.0,95-134,Neisseria meningitidis
