strain	NG-STAR	penA	mtrR	porB	ponA	gyrA	parC	23S
10231.fa	1483	1.001	219	100	100	100	1	100
10239.fa	568	15.001	62	100	100	100	2	100
10268.fa	3330	1.001	374	100	100	100	1	100
10272.fa	-	1.001	526	100	100	100	1	100
10296.fa	-	5.002	-	100	1	1	3	100
10328.fa	1483	1.001	219	100	100	100	1	100
10500.fa	-	1.001	547	100	100	100	1	100
10524.fa	20	1.001	5	100	100	100	1	100
10529.fa	20	1.001	5	100	100	100	1	100
10531.fa	20	1.001	5	100	100	100	1	100
10536.fa	590	5.002	69	100	1	1	3	100
10537.fa	590	5.002	69	100	1	1	3	100
10538.fa	590	5.002	69	100	1	1	3	100
10562.fa	3330	1.001	374	100	100	100	1	100
10574.fa	3330	1.001	374	100	100	100	1	100
10588.fa	1483	1.001	219	100	100	100	1	100
10610.fa	-	1.001	547	100	100	100	1	100
10638.fa	1483	1.001	219	100	100	100	1	100
10702.fa	-	1.001	547	100	100	100	1	100
10708.fa	568	15.001	62	100	100	100	2	100
10723.fa	20	1.001	5	100	100	100	1	100
10727.fa	20	1.001	5	100	100	100	1	100
10736.fa	568	15.001	62	100	100	100	2	100
10743.fa	568	15.001	62	100	100	100	2	100
10744.fa	568	15.001	62	100	100	100	2	100
10771.fa	20	1.001	5	100	100	100	1	100
10791.fa	1483	1.001	219	100	100	100	1	100
10792.fa	1483	1.001	219	100	100	100	1	100
10794.fa	1483	1.001	219	100	100	100	1	100
10795.fa	1483	1.001	219	100	100	100	1	100
1081168.fa	90	34.001	1	11	1	1	3	100
10814.fa	1483	1.001	219	100	100	100	1	100
10819.fa	568	15.001	62	100	100	100	2	100
1123850.fa	-	-	-	8	1	7	8	100
1130991.fa	90	34.001	1	11	1	1	3	100
1145734.fa	38	13.001	19	8	1	1	9	100
2004S05-027.fa	1157	21.001	19	8	1	7	3	100
2010C02-038.fa	-	18.001	16	8	1	7	6	100
2014E02-242.fa	-	34.006	36	11	100	7	4	100
2016E02-233.fa	3638	13.001	425	12	1	1	3	100
20181204.fa	3524	34.001	405	3	100	7	20	100
2018C07-301.fa	-	270.001	33	21	1	2	5	100
2018S05-288.fa	8113	34.007	40	55	100	7	4	100
2020C08-294.fa	-	34.007	40	14	100	7	55	100
2020N07-265.fa	1124	34.007	40	100	100	7	4	100
2020N08-318.fa	232	10.001	25	12	1	2	5	100
2020S05-258.fa	5838	34.012	40	13	100	7	4	100
2022NG-0032.fa	3089	17.001	122	14	1	7	3	100
2022NG-0076.fa	-	2.001	-	14	100	7	4	100
25818_3#234.fa	6301	19.001	354	100	1	100	15	100
9035.fa	-	5.002	69	4	1	1	3	100
9071.fa	-	-	5	100	100	100	1	100
9112.fa	260	5.002	1	4	1	1	3	100
9126.fa	20	1.001	5	100	100	100	1	100
9343.fa	3330	1.001	374	100	100	100	1	100
9399.fa	-	1.001	526	100	100	100	1	100
9431.fa	568	15.001	62	100	100	100	2	100
9460.fa	568	15.001	62	100	100	100	2	100
9464.fa	568	15.001	62	100	100	100	2	100
96MB.fa	1124	34.007	40	100	100	7	4	100
AT159.fa	4465	60.001	89	13	1	1	176	1
ATCC49226.fa	1	22.001	10	13	100	100	2	100
AUNG1065.fa	231	2.002	42	100	100	10	2	100
AUNG1251.fa	3146	34.006	40	100	100	7	4	100
AUNG1291.fa	934	5.002	1	21	1	1	3	100
AUSMDU00010541.fa	202	2.002	19	8	1	7	3	1
BJ16148.fa	233	60.001	1	8	1	7	3	100
CCC010.fa	-	2.002	40	12	100	7	9	100
CCC012.fa	-	2.002	40	12	100	7	34	100
CCC013.fa	1349	2.002	40	100	100	7	4	6
CCC014.fa	719	2.002	89	100	100	7	4	100
CCC015.fa	719	2.002	89	100	100	7	4	100
CCC016.fa	2480	2.002	40	100	100	1	34	100
CCC017.fa	719	2.002	89	100	100	7	4	100
CCC020.fa	-	18.001	54	46	1	7	15	100
CCC028.fa	63	2.001	9	1	100	100	100	100
CCC033.fa	1349	2.002	40	100	100	7	4	6
CCC048.fa	3952	2.002	122	100	100	7	6	100
CT213.fa	891	2.002	18	14	100	1	18	100
CT530.fa	1900	2.002	40	11	100	7	4	100
CT532.fa	1663	2.002	174	11	100	1	4	100
CT602.fa	1849	2.002	40	9	100	7	3	100
DDD001.fa	1124	34.007	40	100	100	7	4	100
DDD029.fa	3720	171.001	89	4	1	1	4	100
DDD031.fa	534	2.002	40	1	100	7	3	100
DDD034.fa	3720	171.001	89	4	1	1	4	100
DDD038.fa	-	-	89	4	1	1	4	100
DDD046.fa	1257	2.002	69	14	100	1	18	100
EEE004.fa	1605	60.001	1	21	1	7	3	100
EEE013.fa	1340	43.002	122	100	100	7	6	100
EEE014.fa	5947	166.001	40	8	100	7	4	100
EEE015.fa	38	13.001	19	8	1	1	9	100
EEE016.fa	127	5.002	1	8	1	1	3	100
EEE018.fa	2473	12.001	22	8	1	34	93	100
EEE019.fa	-	2.008	54	13	1	7	20	100
EEE020.fa	2463	21.001	47	12	1	7	3	100
EEE021.fa	2244	2.002	1	8	1	7	6	1
EEE023.fa	2473	12.001	22	8	1	34	93	100
EEE026.fa	497	13.001	25	8	1	7	53	100
EEE029.fa	1708	13.001	25	9	1	7	53	100
EEE030.fa	5095	120.001	22	8	1	34	93	100
EEE034.fa	-	13.002	36	10	1	1	134	100
EEE035.fa	470	2.002	1	8	1	7	3	100
EEE037.fa	348	10.001	33	8	1	2	5	100
FA1090.fa	11	1.002	5	100	100	100	100	100
FA19.fa	13	15.001	5	14	100	100	2	100
FA6140.fa	-	-	22	8	1	100	-	100
FDAARGOS_204.fa	-	100.001	25	100	100	100	2	100
FDAARGOS_205.fa	2050	2.002	19	4	1	100	2	100
FDAARGOS_207.fa	-	162.001	54	4	100	100	1	100
FFF004.fa	-	13.001	19	8	1	1	4	100
FFF005.fa	8011	13.001	19	8	1	1	3	100
FFF007.fa	1709	120.001	1	8	1	7	3	100
FFF012.fa	-	-	1	8	1	7	108	100
FFF017.fa	-	-	10	13	1	7	9	100
FFF024.fa	930	44.001	16	10	1	7	10	100
FFF026.fa	-	83.001	29	3	100	100	7	100
FFF038.fa	455	19.001	10	100	1	7	15	100
FFF044.fa	493	13.001	1	9	1	7	22	100
FFF047.fa	3086	15.001	5	3	100	100	2	100
FQ01.fa	299	22.001	50	3	100	100	1	100
FQ02.fa	63	2.001	9	1	100	100	100	100
FQ04.fa	1420	44.001	215	11	1	1	10	100
FQ20.fa	1419	2.023	18	3	100	100	2	100
FQ35.fa	1419	2.023	18	3	100	100	2	100
FQ36.fa	26	12.001	1	8	1	1	3	100
FQ48.fa	194	34.001	1	8	1	1	3	100
FQ82.fa	165	44.001	16	11	1	1	10	100
FQ84.fa	165	44.001	16	11	1	1	10	100
GCGS0245.fa	-	22.001	19	5	1	100	-	15
GCGS0276.fa	6188	2.001	144	2	100	100	100	100
GCGS0306.fa	108	4.001	20	8	100	100	100	100
GCGS0313.fa	153	22.001	11	100	100	100	2	100
GCGS0339.fa	162	14.001	1	100	1	100	2	100
GCGS0373.fa	3127	22.001	161	100	100	100	2	100
GCGS0423.fa	-	-	25	35	100	100	-	100
GCGS0431.fa	685	45.001	57	3	100	6	1	100
GCGS0457.fa	689	9.001	25	35	1	100	2	100
GCGS0769.fa	687	9.001	105	100	1	100	2	100
GCGS0834.fa	195	34.001	44	1	1	1	3	100
GCGS0864.fa	90	34.001	1	11	1	1	3	100
GCGS1013.fa	142	9.001	25	1	1	100	2	100
GCGS1014.fa	3036	9.001	25	4	1	100	2	100
GCGS1095.fa	198	9.001	25	16	1	100	2	100
GGG022.fa	-	12.001	16	8	1	7	6	100
GGG031.fa	-	-	1	13	1	7	-	100
H035.fa	330	10.001	19	8	1	5	5	100
HHH023.fa	567	19.001	38	12	1	7	26	100
HHH030.fa	-	-	71	13	100	7	6	100
HHH042.fa	-	-	1	26	1	7	3	100
JJJ010.fa	2248	13.001	1	13	1	1	1	100
JJJ020.fa	-	-	1	12	1	7	3	-
JJJ025.fa	-	30.002	47	8	1	7	21	100
NCTC8375.fa	-	15.001	5	14	100	100	7	100
Ng_118.fa	433	19.001	47	3	1	7	17	100
Ng_188.fa	186	2.002	19	8	100	1	18	100
NG196.fa	2210	9.001	54	1	1	1	22	100
NG250.fa	2209	2.002	19	13	100	1	18	100
NG251.fa	2211	9.001	1	3	1	1	22	100
NG290.fa	960	9.001	1	14	1	1	22	100
RIVM0610.fa	90	34.001	1	11	1	1	3	100
RIVM0640.fa	90	34.001	1	11	1	1	3	100
SAMEA116302675.fa	5998	60.001	38	8	1	7	15	100
SAMEA116302676.fa	5998	60.001	38	8	1	7	15	100
SE690.fa	4859	60.001	174	100	100	7	20	100
SRR5827236.fa	6199	2.002	16	100	1	1	136	100
SRR5827322.fa	63	2.001	9	1	100	100	100	100
SRRSH203.fa	2208	60.001	1	8	1	7	53	100
SRRSH204.fa	2208	60.001	1	8	1	7	53	100
SRRSH205.fa	2208	60.001	1	8	1	7	53	100
SRRSH207.fa	233	60.001	1	8	1	7	3	100
SRRSH214.fa	2208	60.001	1	8	1	7	53	100
SRRSH229.fa	2208	60.001	1	8	1	7	53	100
SRRSH240.fa	233	60.001	1	8	1	7	3	100
SS3160.fa	233	60.001	1	8	1	7	3	100
TFG-A2.fa	26	12.001	1	8	1	1	3	100
TFG-B2.fa	-	12.001	1	8	1	1	3	-
TH1713.fa	4320	60.001	200	100	100	1	4	100
TH2288.fa	4320	60.001	200	100	100	1	4	100
TUM15748.fa	-	169.001	42	100	100	10	2	100
TUM16691.fa	276	2.001	19	11	1	5	2	100
UMASS-DGI_1.fa	-	-	18	13	100	100	1	100
UMASS-DGI_26.fa	-	-	18	14	100	11	2	100
UMASS-DGI_36.fa	20	1.001	5	100	100	100	1	100
UMASS-DGI_40.fa	20	1.001	5	100	100	100	1	100
UMASS-DGI_46.fa	-	2.002	19	13	1	100	2	100
UMASS-DGI_54.fa	-	-	18	14	100	100	-	100
UMASS-DGI_5.fa	-	100.001	-	14	100	100	1	100
UMASS-DGI_65.fa	-	-	18	14	100	11	2	100
UMASS-DGI_9.fa	234	22.001	5	1	100	100	2	100
WHO_A_2024.fa	1505	100.008	10	100	100	100	7	100
WHO_alpha_2024.fa	501	18.001	36	8	1	2	24	100
WHO_B_2024.fa	3520	1.002	5	3	100	100	2	100
WHO_beta_2024.fa	567	19.001	38	12	1	7	26	100
WHO_C_2024.fa	3248	156.001	25	4	100	100	2	100
WHO_D_2024.fa	243	12.001	19	11	1	100	1	100
WHO_E_2024.fa	472	22.001	10	14	1	100	2	100
WHO_F_2024.fa	2	15.001	14	14	100	100	7	100
WHO_G_2024.fa	3	2.001	1	13	1	5	1	100
WHO_H_2024.fa	1582	34.009	1	11	1	1	3	100
WHO_I_2024.fa	313	12.001	16	8	1	5	1	100
WHO_J_2024.fa	312	2.002	19	8	1	1	9	100
WHO_K_2024.fa	4	10.001	19	8	1	2	5	100
WHO_L_2024.fa	5	7.001	25	8	1	2	11	100
WHO_M_2024.fa	6	2.001	19	8	1	1	1	100
WHO_N_2024.fa	7	2.001	26	13	1	1	12	100
WHO_O_2024.fa	8	12.001	1	8	1	100	7	100
WHO_P_2024.fa	9	2.001	32	2	100	100	100	100
WHO_Q_2024.fa	996	60.001	19	8	1	7	3	1
WHO_R_2024.fa	233	60.001	1	8	1	7	3	100
WHO_S_2024.fa	5953	15.001	376	1	100	100	2	2
WHO_S2_2024.fa	193	2.001	39	11	100	100	100	100
WHO_T_2024.fa	139	9.001	1	8	1	100	2	100
WHO_U_2024.fa	224	2.001	50	1	1	100	1	2
WHO_V_2024.fa	225	5.002	1	8	1	1	3	1
WHO_W_2024.fa	4	10.001	19	8	1	2	5	100
WHO_X_2024.fa	226	37.001	1	8	1	2	5	100
WHO_Y_2024.fa	16	42.001	1	11	1	1	3	100
WHO_Z_2024.fa	227	64.001	51	8	1	2	5	100
