,id,sv_cluster,hv1_cluster,hv2_cluster
0,10231_opa_1,3,2,7
1,10231_opa_10,3,2,7
2,10231_opa_2,3,1,5
3,10231_opa_3,1,2,7
4,10231_opa_4,2,6,8
5,10231_opa_5,3,2,3
6,10231_opa_6,1,3,4
7,10231_opa_7,3,6,8
8,10231_opa_8,1,3,4
9,10231_opa_9,3,1,5
10,10239_opa_1,1,1,4
11,10239_opa_10,1,4,2
12,10239_opa_11,1,4,2
13,10239_opa_2,1,2,7
14,10239_opa_3,1,4,1
15,10239_opa_4,1,13,6
16,10239_opa_5,1,4,1
17,10239_opa_6,2,2,1
18,10239_opa_7,1,2,2
19,10239_opa_8,1,1,4
20,10239_opa_9,1,1,7
21,10268_opa_1,1,6,8
22,10268_opa_10,3,1,5
23,10268_opa_2,2,6,8
24,10268_opa_3,1,2,7
25,10268_opa_4,3,1,5
26,10268_opa_5,3,2,3
27,10268_opa_6,1,3,4
28,10268_opa_7,3,1,5
29,10268_opa_8,1,3,4
30,10268_opa_9,3,1,5
31,10272_opa_1,3,6,8
32,10272_opa_10,3,1,5
33,10272_opa_2,2,6,8
34,10272_opa_3,3,1,7
35,10272_opa_4,3,1,5
36,10272_opa_5,3,2,3
37,10272_opa_6,3,1,5
38,10272_opa_7,3,6,8
39,10272_opa_8,3,3,4
40,10272_opa_9,3,1,5
41,10296_opa_1,3,2,1
42,10296_opa_10,3,7,1
43,10296_opa_11,3,3,4
44,10296_opa_2,1,7,1
45,10296_opa_3,1,3,4
46,10296_opa_4,2,2,1
47,10296_opa_5,3,1,7
48,10296_opa_6,3,4,7
49,10296_opa_7,2,9,5
50,10296_opa_8,3,12,7
51,10296_opa_9,4,12,1
52,10328_opa_1,3,3,7
53,10328_opa_10,3,1,5
54,10328_opa_2,3,1,5
55,10328_opa_3,1,2,7
56,10328_opa_4,2,6,8
57,10328_opa_5,3,2,3
58,10328_opa_6,1,3,7
59,10328_opa_7,3,2,3
60,10328_opa_8,1,3,7
61,10328_opa_9,3,1,5
62,10500_opa_1,3,6,3
63,10500_opa_10,1,2,8
64,10500_opa_2,2,6,8
65,10500_opa_3,1,2,7
66,10500_opa_4,3,1,5
67,10500_opa_5,1,2,3
68,10500_opa_6,1,2,3
69,10500_opa_7,3,6,8
70,10500_opa_8,1,3,4
71,10500_opa_9,1,1,5
72,10524_opa_1,3,3,4
73,10524_opa_10,1,1,5
74,10524_opa_2,2,1,5
75,10524_opa_3,3,2,7
76,10524_opa_4,2,6,8
77,10524_opa_5,3,2,3
78,10524_opa_6,1,3,4
79,10524_opa_7,1,1,5
80,10524_opa_8,3,3,4
81,10524_opa_9,2,1,5
82,10529_opa_1,3,6,8
83,10529_opa_10,1,1,5
84,10529_opa_2,3,1,5
85,10529_opa_3,3,2,7
86,10529_opa_4,2,6,8
87,10529_opa_5,3,2,3
88,10529_opa_6,1,3,4
89,10529_opa_7,1,3,7
90,10529_opa_8,1,3,4
91,10529_opa_9,2,1,5
92,10531_opa_1,3,6,8
93,10531_opa_10,3,3,4
94,10531_opa_2,2,6,8
95,10531_opa_3,3,2,7
96,10531_opa_4,2,1,5
97,10531_opa_5,3,2,3
98,10531_opa_6,1,3,4
99,10531_opa_7,3,3,5
100,10531_opa_8,1,3,4
101,10531_opa_9,2,3,4
102,10536_opa_1,3,1,7
103,10536_opa_10,3,3,7
104,10536_opa_11,2,1,6
105,10536_opa_2,3,8,9
106,10536_opa_3,3,3,7
107,10536_opa_4,3,7,3
108,10536_opa_5,3,3,4
109,10536_opa_6,3,3,4
110,10536_opa_7,2,9,5
111,10536_opa_8,3,3,7
112,10536_opa_9,2,3,4
113,10537_opa_1,3,1,7
114,10537_opa_10,2,3,7
115,10537_opa_11,2,1,6
116,10537_opa_2,3,8,9
117,10537_opa_3,3,3,7
118,10537_opa_4,3,7,3
119,10537_opa_5,3,3,4
120,10537_opa_6,2,3,4
121,10537_opa_7,2,9,5
122,10537_opa_8,3,3,7
123,10537_opa_9,2,3,4
124,10538_opa_1,3,1,7
125,10538_opa_10,2,3,7
126,10538_opa_11,2,1,6
127,10538_opa_2,3,8,9
128,10538_opa_3,3,3,7
129,10538_opa_4,3,7,3
130,10538_opa_5,3,3,4
131,10538_opa_6,2,3,4
132,10538_opa_7,2,9,5
133,10538_opa_8,3,1,7
134,10538_opa_9,2,2,3
135,10562_opa_1,1,6,8
136,10562_opa_10,3,1,5
137,10562_opa_2,2,6,8
138,10562_opa_3,1,2,7
139,10562_opa_4,3,1,5
140,10562_opa_5,3,2,3
141,10562_opa_6,1,3,4
142,10562_opa_7,3,2,7
143,10562_opa_8,1,3,4
144,10562_opa_9,3,1,5
145,10574_opa_1,1,6,8
146,10574_opa_10,1,2,3
147,10574_opa_2,2,6,8
148,10574_opa_3,1,2,7
149,10574_opa_4,3,1,5
150,10574_opa_5,3,2,3
151,10574_opa_6,1,3,4
152,10574_opa_7,3,1,5
153,10574_opa_8,1,3,4
154,10574_opa_9,3,1,5
155,10588_opa_1,3,6,8
156,10588_opa_10,3,3,4
157,10588_opa_2,2,6,8
158,10588_opa_3,1,2,7
159,10588_opa_4,3,1,7
160,10588_opa_5,3,2,3
161,10588_opa_6,1,3,7
162,10588_opa_7,1,1,5
163,10588_opa_8,1,3,7
164,10588_opa_9,3,1,5
165,10610_opa_1,3,3,4
166,10610_opa_10,3,2,3
167,10610_opa_2,2,6,8
168,10610_opa_3,3,2,7
169,10610_opa_4,3,1,5
170,10610_opa_5,3,2,3
171,10610_opa_6,1,3,4
172,10610_opa_7,3,2,3
173,10610_opa_8,1,3,4
174,10610_opa_9,3,1,7
175,10638_opa_1,1,1,4
176,10638_opa_10,3,2,3
177,10638_opa_2,3,1,5
178,10638_opa_3,1,2,7
179,10638_opa_4,2,6,8
180,10638_opa_5,3,2,3
181,10638_opa_6,1,3,7
182,10638_opa_7,1,6,8
183,10638_opa_8,1,3,7
184,10638_opa_9,3,1,5
185,10702_opa_1,3,6,3
186,10702_opa_10,3,3,7
187,10702_opa_2,3,1,5
188,10702_opa_3,1,2,7
189,10702_opa_4,2,6,8
190,10702_opa_5,1,2,3
191,10702_opa_6,1,2,3
192,10702_opa_7,3,6,8
193,10702_opa_8,1,3,4
194,10702_opa_9,1,1,5
195,10708_opa_1,1,1,4
196,10708_opa_10,1,4,2
197,10708_opa_11,1,4,2
198,10708_opa_2,1,13,6
199,10708_opa_3,1,4,1
200,10708_opa_4,1,13,6
201,10708_opa_5,1,4,1
202,10708_opa_6,1,4,1
203,10708_opa_7,1,2,2
204,10708_opa_8,1,1,7
205,10708_opa_9,1,1,7
206,10723_opa_1,2,6,8
207,10723_opa_10,1,6,8
208,10723_opa_2,2,1,5
209,10723_opa_3,3,2,7
210,10723_opa_4,2,6,8
211,10723_opa_5,3,2,3
212,10723_opa_6,1,3,4
213,10723_opa_7,1,3,4
214,10723_opa_8,1,3,7
215,10723_opa_9,2,1,5
216,10727_opa_1,1,3,7
217,10727_opa_10,1,3,7
218,10727_opa_2,2,6,8
219,10727_opa_3,1,2,7
220,10727_opa_4,2,6,8
221,10727_opa_5,1,2,3
222,10727_opa_6,1,3,7
223,10727_opa_7,1,3,4
224,10727_opa_8,1,3,7
225,10727_opa_9,3,1,5
226,10736_opa_1,1,1,7
227,10736_opa_10,1,1,7
228,10736_opa_11,1,4,2
229,10736_opa_2,1,2,2
230,10736_opa_3,1,4,1
231,10736_opa_4,4,1,2
232,10736_opa_5,1,4,1
233,10736_opa_6,2,4,1
234,10736_opa_7,1,2,2
235,10736_opa_8,1,1,7
236,10736_opa_9,1,1,7
237,10743_opa_1,1,1,2
238,10743_opa_10,1,2,3
239,10743_opa_11,1,4,2
240,10743_opa_2,1,2,3
241,10743_opa_3,1,2,6
242,10743_opa_4,1,2,3
243,10743_opa_5,1,4,1
244,10743_opa_6,1,1,7
245,10743_opa_7,1,4,7
246,10743_opa_8,1,1,2
247,10743_opa_9,1,1,7
248,10744_opa_1,1,2,4
249,10744_opa_10,1,4,2
250,10744_opa_11,1,1,2
251,10744_opa_2,1,1,7
252,10744_opa_3,1,4,7
253,10744_opa_4,1,13,6
254,10744_opa_5,1,4,1
255,10744_opa_6,1,2,1
256,10744_opa_7,1,2,6
257,10744_opa_8,1,4,2
258,10744_opa_9,1,1,7
259,10771_opa_1,3,3,4
260,10771_opa_10,3,1,5
261,10771_opa_2,2,1,5
262,10771_opa_3,3,2,7
263,10771_opa_4,2,6,8
264,10771_opa_5,3,2,3
265,10771_opa_6,1,3,7
266,10771_opa_7,3,2,3
267,10771_opa_8,1,3,7
268,10771_opa_9,1,1,5
269,10791_opa_1,1,1,4
270,10791_opa_2,3,1,5
271,10791_opa_3,1,2,7
272,10791_opa_4,2,6,8
273,10791_opa_5,3,2,3
274,10791_opa_6,1,6,8
275,10791_opa_7,1,1,7
276,10791_opa_8,3,1,5
277,10791_opa_9,3,3,7
278,10792_opa_1,3,6,8
279,10792_opa_10,3,3,4
280,10792_opa_2,3,1,5
281,10792_opa_3,1,2,7
282,10792_opa_4,2,6,8
283,10792_opa_5,3,2,3
284,10792_opa_6,1,3,7
285,10792_opa_7,3,3,4
286,10792_opa_8,3,1,4
287,10792_opa_9,3,1,5
288,10794_opa_1,1,2,3
289,10794_opa_10,1,2,3
290,10794_opa_2,3,1,5
291,10794_opa_3,1,2,7
292,10794_opa_4,2,6,8
293,10794_opa_5,3,2,3
294,10794_opa_6,1,3,7
295,10794_opa_7,3,6,8
296,10794_opa_8,1,3,7
297,10794_opa_9,3,1,5
298,10795_opa_1,1,1,4
299,10795_opa_2,3,1,5
300,10795_opa_3,1,2,7
301,10795_opa_4,2,6,8
302,10795_opa_5,3,2,3
303,10795_opa_6,1,6,8
304,10795_opa_7,1,1,7
305,10795_opa_8,3,1,5
306,10795_opa_9,3,3,7
307,1081168_opa_1,1,4,9
308,1081168_opa_10,1,8,9
309,1081168_opa_2,6,21,2
310,1081168_opa_3,1,9,5
311,1081168_opa_4,5,3,4
312,1081168_opa_5,1,9,5
313,1081168_opa_6,5,3,4
314,1081168_opa_7,2,9,5
315,1081168_opa_8,1,8,9
316,1081168_opa_9,4,12,1
317,10814_opa_1,1,2,3
318,10814_opa_10,1,3,7
319,10814_opa_2,3,1,5
320,10814_opa_3,1,2,7
321,10814_opa_4,2,6,8
322,10814_opa_5,3,2,3
323,10814_opa_6,1,3,7
324,10814_opa_7,3,6,8
325,10814_opa_8,1,3,7
326,10814_opa_9,3,1,5
327,10819_opa_1,1,2,4
328,10819_opa_10,1,4,2
329,10819_opa_11,1,1,2
330,10819_opa_2,1,1,7
331,10819_opa_3,1,4,7
332,10819_opa_4,1,13,6
333,10819_opa_5,1,4,1
334,10819_opa_6,2,2,1
335,10819_opa_7,1,2,6
336,10819_opa_8,1,4,6
337,10819_opa_9,1,1,2
338,1123850_opa_1,3,5,1
339,1123850_opa_10,2,4,2
340,1123850_opa_11,1,2,2
341,1123850_opa_2,3,1,6
342,1123850_opa_3,5,19,3
343,1123850_opa_4,4,5,1
344,1123850_opa_5,3,2,3
345,1123850_opa_6,1,2,2
346,1123850_opa_7,2,9,5
347,1123850_opa_8,3,1,6
348,1123850_opa_9,1,1,6
349,1130991_opa_1,1,3,1
350,1130991_opa_10,1,4,5
351,1130991_opa_11,1,3,1
352,1130991_opa_2,6,21,2
353,1130991_opa_3,4,9,5
354,1130991_opa_4,1,2,3
355,1130991_opa_5,2,9,5
356,1130991_opa_6,1,4,5
357,1130991_opa_7,1,9,5
358,1130991_opa_8,1,4,5
359,1130991_opa_9,4,3,1
360,1145734_opa_1,2,5,1
361,1145734_opa_10,2,7,3
362,1145734_opa_11,1,19,9
363,1145734_opa_2,2,5,1
364,1145734_opa_3,3,15,2
365,1145734_opa_4,2,5,4
366,1145734_opa_5,2,7,3
367,1145734_opa_6,2,4,6
368,1145734_opa_7,1,5,1
369,1145734_opa_8,2,7,3
370,1145734_opa_9,3,5,1
371,2004S05-027_opa_1,2,15,2
372,2004S05-027_opa_10,1,4,2
373,2004S05-027_opa_11,3,5,1
374,2004S05-027_opa_2,2,4,5
375,2004S05-027_opa_3,3,2,3
376,2004S05-027_opa_4,3,5,1
377,2004S05-027_opa_5,1,1,6
378,2004S05-027_opa_6,3,1,2
379,2004S05-027_opa_7,2,3,4
380,2004S05-027_opa_8,3,5,1
381,2004S05-027_opa_9,1,12,1
382,2010C02-038_opa_1,1,1,2
383,2010C02-038_opa_10,2,1,4
384,2010C02-038_opa_11,1,1,2
385,2010C02-038_opa_2,2,2,7
386,2010C02-038_opa_3,2,2,7
387,2010C02-038_opa_4,1,10,1
388,2010C02-038_opa_5,1,10,1
389,2010C02-038_opa_6,1,1,4
390,2010C02-038_opa_7,1,1,2
391,2010C02-038_opa_8,2,1,2
392,2010C02-038_opa_9,1,12,1
393,2014E02-242_opa_1,5,1,2
394,2014E02-242_opa_10,2,1,2
395,2014E02-242_opa_11,2,5,1
396,2014E02-242_opa_2,2,5,1
397,2014E02-242_opa_3,2,5,1
398,2014E02-242_opa_4,2,17,6
399,2014E02-242_opa_5,1,9,6
400,2014E02-242_opa_6,2,7,1
401,2014E02-242_opa_7,2,3,4
402,2014E02-242_opa_8,2,5,1
403,2014E02-242_opa_9,2,17,6
404,2016E02-233_opa_1,1,5,1
405,2016E02-233_opa_10,2,2,3
406,2016E02-233_opa_11,3,2,3
407,2016E02-233_opa_2,2,4,3
408,2016E02-233_opa_3,4,7,1
409,2016E02-233_opa_4,1,4,6
410,2016E02-233_opa_5,1,9,5
411,2016E02-233_opa_6,2,7,4
412,2016E02-233_opa_7,1,8,9
413,2016E02-233_opa_8,2,2,3
414,2016E02-233_opa_9,2,10,1
415,20181204_opa_1,4,2,3
416,20181204_opa_10,2,9,6
417,20181204_opa_11,1,2,3
418,20181204_opa_2,5,2,2
419,20181204_opa_3,2,2,1
420,20181204_opa_4,1,1,5
421,20181204_opa_5,1,1,2
422,20181204_opa_6,1,2,3
423,20181204_opa_7,5,3,4
424,20181204_opa_8,1,1,6
425,20181204_opa_9,1,3,4
426,2018C07-301_opa_1,1,1,2
427,2018C07-301_opa_10,2,4,3
428,2018C07-301_opa_11,1,1,2
429,2018C07-301_opa_2,2,4,5
430,2018C07-301_opa_3,1,2,3
431,2018C07-301_opa_4,2,1,2
432,2018C07-301_opa_5,1,18,3
433,2018C07-301_opa_6,2,4,5
434,2018C07-301_opa_7,2,2,3
435,2018C07-301_opa_8,2,1,2
436,2018C07-301_opa_9,2,2,3
437,2018S05-288_opa_1,5,2,3
438,2018S05-288_opa_10,1,6,8
439,2018S05-288_opa_11,3,9,6
440,2018S05-288_opa_2,1,4,2
441,2018S05-288_opa_3,1,4,2
442,2018S05-288_opa_4,2,17,6
443,2018S05-288_opa_5,1,5,1
444,2018S05-288_opa_6,1,20,6
445,2018S05-288_opa_7,2,11,3
446,2018S05-288_opa_8,1,6,8
447,2018S05-288_opa_9,2,10,1
448,2020C08-294_opa_1,1,13,6
449,2020C08-294_opa_10,5,2,3
450,2020C08-294_opa_11,3,9,6
451,2020C08-294_opa_2,1,2,3
452,2020C08-294_opa_3,1,5,3
453,2020C08-294_opa_4,1,1,6
454,2020C08-294_opa_5,5,2,3
455,2020C08-294_opa_6,1,2,3
456,2020C08-294_opa_7,2,11,3
457,2020C08-294_opa_8,1,1,6
458,2020C08-294_opa_9,2,11,3
459,2020N07-265_opa_1,5,2,3
460,2020N07-265_opa_10,1,6,8
461,2020N07-265_opa_11,3,9,6
462,2020N07-265_opa_2,1,4,2
463,2020N07-265_opa_3,1,6,8
464,2020N07-265_opa_4,2,17,6
465,2020N07-265_opa_5,1,5,1
466,2020N07-265_opa_6,1,20,6
467,2020N07-265_opa_7,2,11,3
468,2020N07-265_opa_8,1,6,8
469,2020N07-265_opa_9,4,2,1
470,2020N08-318_opa_1,1,1,2
471,2020N08-318_opa_10,2,1,2
472,2020N08-318_opa_2,2,2,3
473,2020N08-318_opa_3,1,2,3
474,2020N08-318_opa_4,2,1,2
475,2020N08-318_opa_5,1,18,3
476,2020N08-318_opa_6,2,2,3
477,2020N08-318_opa_7,2,9,5
478,2020N08-318_opa_8,1,18,3
479,2020N08-318_opa_9,3,2,3
480,2020S05-258_opa_1,5,2,3
481,2020S05-258_opa_10,1,4,2
482,2020S05-258_opa_11,2,1,4
483,2020S05-258_opa_2,1,4,2
484,2020S05-258_opa_3,5,2,3
485,2020S05-258_opa_4,2,17,6
486,2020S05-258_opa_5,1,2,3
487,2020S05-258_opa_6,1,20,6
488,2020S05-258_opa_7,1,1,2
489,2020S05-258_opa_8,1,6,8
490,2020S05-258_opa_9,2,10,1
491,2022NG-0032_opa_1,1,1,2
492,2022NG-0032_opa_10,2,2,2
493,2022NG-0032_opa_11,1,1,2
494,2022NG-0032_opa_2,1,2,2
495,2022NG-0032_opa_3,1,1,2
496,2022NG-0032_opa_4,1,2,3
497,2022NG-0032_opa_5,2,16,2
498,2022NG-0032_opa_6,1,2,3
499,2022NG-0032_opa_7,2,9,5
500,2022NG-0032_opa_8,1,2,3
501,2022NG-0032_opa_9,2,12,1
502,2022NG-0076_opa_1,1,4,5
503,2022NG-0076_opa_10,1,4,6
504,2022NG-0076_opa_11,4,2,7
505,2022NG-0076_opa_2,4,10,1
506,2022NG-0076_opa_3,3,15,2
507,2022NG-0076_opa_4,3,1,2
508,2022NG-0076_opa_5,1,4,5
509,2022NG-0076_opa_6,1,2,3
510,2022NG-0076_opa_7,2,4,5
511,2022NG-0076_opa_8,3,1,2
512,2022NG-0076_opa_9,4,10,1
513,25818_3#234_opa_1,1,13,6
514,25818_3#234_opa_10,2,1,4
515,25818_3#234_opa_11,1,2,3
516,25818_3#234_opa_2,4,13,6
517,25818_3#234_opa_3,4,7,3
518,25818_3#234_opa_4,1,1,2
519,25818_3#234_opa_5,1,3,4
520,25818_3#234_opa_6,3,1,2
521,25818_3#234_opa_7,1,15,6
522,25818_3#234_opa_8,1,2,3
523,25818_3#234_opa_9,1,1,2
524,9035_opa_1,3,3,6
525,9035_opa_10,3,3,4
526,9035_opa_11,2,1,6
527,9035_opa_2,1,6,8
528,9035_opa_3,3,3,4
529,9035_opa_4,3,7,3
530,9035_opa_5,3,3,4
531,9035_opa_6,3,3,6
532,9035_opa_7,2,2,3
533,9035_opa_8,3,3,7
534,9035_opa_9,2,9,5
535,9071_opa_1,1,3,7
536,9071_opa_10,1,3,4
537,9071_opa_2,2,6,8
538,9071_opa_3,3,2,7
539,9071_opa_4,3,1,5
540,9071_opa_5,3,1,4
541,9071_opa_6,1,1,4
542,9071_opa_7,1,3,4
543,9071_opa_8,1,3,4
544,9071_opa_9,3,1,5
545,9112_opa_1,1,7,1
546,9112_opa_10,1,1,1
547,9112_opa_11,2,1,6
548,9112_opa_2,3,3,1
549,9112_opa_3,3,3,7
550,9112_opa_4,1,1,1
551,9112_opa_5,1,9,5
552,9112_opa_6,1,9,5
553,9112_opa_7,2,9,5
554,9112_opa_8,1,1,1
555,9112_opa_9,4,12,1
556,9126_opa_1,3,3,4
557,9126_opa_10,3,3,5
558,9126_opa_2,3,1,5
559,9126_opa_3,3,6,8
560,9126_opa_4,3,2,8
561,9126_opa_5,3,2,3
562,9126_opa_6,1,1,4
563,9126_opa_7,1,6,8
564,9126_opa_8,1,3,4
565,9126_opa_9,3,1,5
566,9343_opa_1,1,6,8
567,9343_opa_10,1,6,8
568,9343_opa_2,2,6,8
569,9343_opa_3,1,2,7
570,9343_opa_4,3,1,5
571,9343_opa_5,3,2,3
572,9343_opa_6,1,3,4
573,9343_opa_7,1,3,4
574,9343_opa_8,1,3,4
575,9343_opa_9,3,3,5
576,9399_opa_1,3,6,8
577,9399_opa_10,3,1,5
578,9399_opa_2,2,6,8
579,9399_opa_3,3,1,7
580,9399_opa_4,3,1,5
581,9399_opa_5,3,2,3
582,9399_opa_6,3,3,4
583,9399_opa_7,3,6,8
584,9399_opa_8,3,3,4
585,9399_opa_9,3,1,5
586,9431_opa_1,1,1,4
587,9431_opa_10,1,13,6
588,9431_opa_11,1,4,2
589,9431_opa_2,1,13,6
590,9431_opa_3,1,4,1
591,9431_opa_4,1,13,6
592,9431_opa_5,1,4,1
593,9431_opa_6,2,2,1
594,9431_opa_7,1,2,2
595,9431_opa_8,2,2,7
596,9431_opa_9,1,1,7
597,9460_opa_1,1,1,4
598,9460_opa_10,1,2,7
599,9460_opa_11,1,4,2
600,9460_opa_2,1,13,6
601,9460_opa_3,1,4,1
602,9460_opa_4,1,13,6
603,9460_opa_5,1,4,1
604,9460_opa_6,2,2,1
605,9460_opa_7,1,2,2
606,9460_opa_8,1,2,7
607,9460_opa_9,1,1,7
608,9464_opa_1,1,1,4
609,9464_opa_10,1,1,7
610,9464_opa_11,1,4,2
611,9464_opa_2,1,13,6
612,9464_opa_3,1,4,1
613,9464_opa_4,1,13,6
614,9464_opa_5,1,4,1
615,9464_opa_6,2,2,1
616,9464_opa_7,1,2,2
617,9464_opa_8,2,2,7
618,9464_opa_9,1,1,7
619,96MB_opa_1,5,2,3
620,96MB_opa_10,1,6,8
621,96MB_opa_11,3,9,6
622,96MB_opa_2,1,4,2
623,96MB_opa_3,1,5,1
624,96MB_opa_4,2,17,6
625,96MB_opa_5,5,2,3
626,96MB_opa_6,1,20,6
627,96MB_opa_7,2,11,3
628,96MB_opa_8,1,6,8
629,96MB_opa_9,2,11,3
630,AT159_opa_1,2,16,1
631,AT159_opa_10,1,1,5
632,AT159_opa_11,2,16,1
633,AT159_opa_2,2,10,1
634,AT159_opa_3,2,16,1
635,AT159_opa_4,1,1,2
636,AT159_opa_5,1,10,1
637,AT159_opa_6,1,18,1
638,AT159_opa_7,1,3,4
639,AT159_opa_8,1,9,5
640,AT159_opa_9,1,3,4
641,ATCC49226_opa_1,3,2,3
642,ATCC49226_opa_10,2,3,7
643,ATCC49226_opa_11,2,3,7
644,ATCC49226_opa_2,1,8,9
645,ATCC49226_opa_3,2,4,2
646,ATCC49226_opa_4,1,8,1
647,ATCC49226_opa_5,1,15,2
648,ATCC49226_opa_6,2,4,2
649,ATCC49226_opa_7,2,3,4
650,ATCC49226_opa_8,2,4,2
651,ATCC49226_opa_9,1,4,6
652,AUNG1065_opa_1,2,1,7
653,AUNG1065_opa_10,2,1,2
654,AUNG1065_opa_11,2,1,7
655,AUNG1065_opa_2,2,3,4
656,AUNG1065_opa_3,3,2,3
657,AUNG1065_opa_4,1,13,6
658,AUNG1065_opa_5,2,1,2
659,AUNG1065_opa_6,2,1,2
660,AUNG1065_opa_7,2,1,2
661,AUNG1065_opa_8,2,1,7
662,AUNG1065_opa_9,1,3,4
663,AUNG1251_opa_1,5,1,2
664,AUNG1251_opa_10,1,1,2
665,AUNG1251_opa_11,3,9,6
666,AUNG1251_opa_2,1,4,2
667,AUNG1251_opa_3,5,2,3
668,AUNG1251_opa_4,2,17,6
669,AUNG1251_opa_5,2,1,5
670,AUNG1251_opa_6,1,20,6
671,AUNG1251_opa_7,2,11,3
672,AUNG1251_opa_8,1,20,6
673,AUNG1251_opa_9,2,17,6
674,AUNG1291_opa_1,3,10,1
675,AUNG1291_opa_10,5,4,6
676,AUNG1291_opa_11,3,2,3
677,AUNG1291_opa_2,3,4,9
678,AUNG1291_opa_3,1,10,1
679,AUNG1291_opa_4,3,4,1
680,AUNG1291_opa_5,3,3,7
681,AUNG1291_opa_6,5,4,6
682,AUNG1291_opa_7,2,9,5
683,AUNG1291_opa_8,5,4,6
684,AUNG1291_opa_9,3,4,1
685,AUSMDU00010541_opa_1,2,2,1
686,AUSMDU00010541_opa_10,2,2,4
687,AUSMDU00010541_opa_11,2,16,3
688,AUSMDU00010541_opa_2,2,16,1
689,AUSMDU00010541_opa_3,4,9,5
690,AUSMDU00010541_opa_4,2,3,4
691,AUSMDU00010541_opa_5,1,18,3
692,AUSMDU00010541_opa_6,4,10,1
693,AUSMDU00010541_opa_7,1,1,2
694,AUSMDU00010541_opa_8,4,2,1
695,AUSMDU00010541_opa_9,2,3,4
696,BJ16148_opa_1,2,1,2
697,BJ16148_opa_10,3,3,4
698,BJ16148_opa_11,2,1,2
699,BJ16148_opa_2,2,2,3
700,BJ16148_opa_3,1,6,8
701,BJ16148_opa_4,4,2,1
702,BJ16148_opa_5,1,6,8
703,BJ16148_opa_6,2,8,9
704,BJ16148_opa_7,2,4,6
705,BJ16148_opa_8,2,2,1
706,BJ16148_opa_9,2,8,9
707,CCC010_opa_1,2,1,5
708,CCC010_opa_10,1,19,9
709,CCC010_opa_11,2,5,1
710,CCC010_opa_2,2,5,1
711,CCC010_opa_3,1,5,1
712,CCC010_opa_4,2,17,6
713,CCC010_opa_5,2,1,5
714,CCC010_opa_6,2,7,1
715,CCC010_opa_7,2,3,4
716,CCC010_opa_8,2,5,1
717,CCC010_opa_9,1,11,3
718,CCC012_opa_1,2,17,6
719,CCC012_opa_10,1,1,5
720,CCC012_opa_11,4,4,6
721,CCC012_opa_2,2,17,6
722,CCC012_opa_3,2,5,1
723,CCC012_opa_4,2,17,6
724,CCC012_opa_5,2,1,2
725,CCC012_opa_6,4,4,6
726,CCC012_opa_7,2,3,4
727,CCC012_opa_8,5,1,6
728,CCC012_opa_9,2,8,9
729,CCC013_opa_1,5,1,2
730,CCC013_opa_10,4,2,7
731,CCC013_opa_11,2,16,2
732,CCC013_opa_2,2,16,2
733,CCC013_opa_3,2,1,5
734,CCC013_opa_4,2,17,6
735,CCC013_opa_5,2,5,1
736,CCC013_opa_6,2,7,1
737,CCC013_opa_7,1,3,4
738,CCC013_opa_8,1,17,1
739,CCC013_opa_9,1,11,3
740,CCC014_opa_1,5,1,2
741,CCC014_opa_10,5,20,2
742,CCC014_opa_11,3,9,6
743,CCC014_opa_2,1,4,2
744,CCC014_opa_3,5,2,3
745,CCC014_opa_4,1,6,8
746,CCC014_opa_5,1,5,1
747,CCC014_opa_6,1,20,6
748,CCC014_opa_7,2,11,3
749,CCC014_opa_8,5,2,3
750,CCC014_opa_9,1,11,3
751,CCC015_opa_1,5,1,2
752,CCC015_opa_10,5,2,3
753,CCC015_opa_11,3,9,6
754,CCC015_opa_2,1,4,2
755,CCC015_opa_3,5,2,3
756,CCC015_opa_4,1,6,8
757,CCC015_opa_5,1,5,1
758,CCC015_opa_6,1,20,6
759,CCC015_opa_7,2,3,4
760,CCC015_opa_8,5,2,3
761,CCC015_opa_9,1,11,3
762,CCC016_opa_1,5,1,2
763,CCC016_opa_10,1,19,9
764,CCC016_opa_11,2,17,4
765,CCC016_opa_2,2,17,6
766,CCC016_opa_3,2,7,1
767,CCC016_opa_4,2,17,6
768,CCC016_opa_5,2,1,5
769,CCC016_opa_6,2,7,1
770,CCC016_opa_7,2,3,4
771,CCC016_opa_8,5,1,2
772,CCC016_opa_9,1,11,3
773,CCC017_opa_1,5,1,2
774,CCC017_opa_10,1,20,6
775,CCC017_opa_11,3,9,6
776,CCC017_opa_2,1,4,2
777,CCC017_opa_3,5,2,3
778,CCC017_opa_4,1,6,8
779,CCC017_opa_5,1,5,1
780,CCC017_opa_6,1,20,6
781,CCC017_opa_7,1,11,3
782,CCC017_opa_8,5,2,3
783,CCC017_opa_9,1,11,3
784,CCC020_opa_1,1,15,6
785,CCC020_opa_10,2,1,4
786,CCC020_opa_11,2,1,4
787,CCC020_opa_2,2,5,1
788,CCC020_opa_3,3,1,6
789,CCC020_opa_4,2,1,6
790,CCC020_opa_5,1,7,1
791,CCC020_opa_6,2,1,4
792,CCC020_opa_7,1,1,2
793,CCC020_opa_8,2,1,4
794,CCC020_opa_9,1,1,2
795,CCC028_opa_1,2,4,5
796,CCC028_opa_10,1,8,9
797,CCC028_opa_11,4,4,7
798,CCC028_opa_2,2,4,5
799,CCC028_opa_3,3,15,2
800,CCC028_opa_4,1,4,5
801,CCC028_opa_5,1,4,5
802,CCC028_opa_6,1,2,3
803,CCC028_opa_7,2,4,5
804,CCC028_opa_8,1,8,9
805,CCC028_opa_9,4,10,1
806,CCC033_opa_1,4,8,9
807,CCC033_opa_10,4,8,9
808,CCC033_opa_11,1,4,6
809,CCC033_opa_2,1,4,6
810,CCC033_opa_3,2,1,5
811,CCC033_opa_4,2,17,6
812,CCC033_opa_5,2,5,1
813,CCC033_opa_6,2,7,1
814,CCC033_opa_7,1,3,4
815,CCC033_opa_8,1,17,1
816,CCC033_opa_9,1,11,3
817,CCC048_opa_1,2,2,2
818,CCC048_opa_10,1,16,3
819,CCC048_opa_11,1,2,3
820,CCC048_opa_2,1,13,6
821,CCC048_opa_3,1,16,2
822,CCC048_opa_4,2,5,1
823,CCC048_opa_5,1,2,4
824,CCC048_opa_6,1,2,3
825,CCC048_opa_7,1,8,2
826,CCC048_opa_8,1,2,3
827,CCC048_opa_9,1,8,2
828,CT213_opa_1,2,1,2
829,CT213_opa_10,2,1,2
830,CT213_opa_11,1,1,2
831,CT213_opa_2,2,1,2
832,CT213_opa_3,2,1,2
833,CT213_opa_4,1,3,4
834,CT213_opa_5,2,5,1
835,CT213_opa_6,1,1,2
836,CT213_opa_7,1,3,4
837,CT213_opa_8,2,5,1
838,CT213_opa_9,1,5,1
839,CT530_opa_1,5,1,2
840,CT530_opa_10,4,2,7
841,CT530_opa_11,2,1,5
842,CT530_opa_2,2,16,2
843,CT530_opa_3,2,1,5
844,CT530_opa_4,2,7,1
845,CT530_opa_5,2,5,1
846,CT530_opa_6,2,7,1
847,CT530_opa_7,2,3,4
848,CT530_opa_8,1,17,1
849,CT530_opa_9,1,11,3
850,CT532_opa_1,5,1,2
851,CT532_opa_10,4,2,7
852,CT532_opa_11,2,1,2
853,CT532_opa_2,2,7,1
854,CT532_opa_3,1,2,3
855,CT532_opa_4,2,7,1
856,CT532_opa_5,2,7,1
857,CT532_opa_6,2,1,2
858,CT532_opa_7,1,8,9
859,CT532_opa_8,2,1,2
860,CT532_opa_9,1,5,1
861,CT602_opa_1,5,1,2
862,CT602_opa_10,2,1,5
863,CT602_opa_11,2,7,1
864,CT602_opa_2,2,7,1
865,CT602_opa_3,2,1,5
866,CT602_opa_4,5,17,6
867,CT602_opa_5,2,5,1
868,CT602_opa_6,2,7,1
869,CT602_opa_7,1,8,9
870,CT602_opa_8,2,7,1
871,CT602_opa_9,1,8,9
872,DDD001_opa_1,1,4,9
873,DDD001_opa_10,1,6,8
874,DDD001_opa_11,3,9,6
875,DDD001_opa_2,1,4,2
876,DDD001_opa_3,5,2,3
877,DDD001_opa_4,1,17,6
878,DDD001_opa_5,1,5,1
879,DDD001_opa_6,1,20,6
880,DDD001_opa_7,2,11,3
881,DDD001_opa_8,1,2,3
882,DDD001_opa_9,2,11,3
883,DDD029_opa_1,2,5,1
884,DDD029_opa_10,3,12,1
885,DDD029_opa_11,3,9,6
886,DDD029_opa_2,2,2,3
887,DDD029_opa_3,2,2,4
888,DDD029_opa_4,3,16,2
889,DDD029_opa_5,3,7,6
890,DDD029_opa_6,1,5,1
891,DDD029_opa_7,2,2,4
892,DDD029_opa_8,5,2,1
893,DDD029_opa_9,2,7,1
894,DDD031_opa_1,5,1,2
895,DDD031_opa_10,3,9,6
896,DDD031_opa_11,2,7,1
897,DDD031_opa_2,2,7,1
898,DDD031_opa_3,2,5,1
899,DDD031_opa_4,2,17,6
900,DDD031_opa_5,2,1,5
901,DDD031_opa_6,2,7,1
902,DDD031_opa_7,1,1,2
903,DDD031_opa_8,2,5,1
904,DDD031_opa_9,1,11,3
905,DDD034_opa_1,2,5,1
906,DDD034_opa_10,3,12,1
907,DDD034_opa_11,3,9,6
908,DDD034_opa_2,2,2,3
909,DDD034_opa_3,2,2,4
910,DDD034_opa_4,3,16,2
911,DDD034_opa_5,3,7,6
912,DDD034_opa_6,5,2,1
913,DDD034_opa_7,2,2,4
914,DDD034_opa_8,1,5,1
915,DDD034_opa_9,2,7,1
916,DDD038_opa_1,2,5,1
917,DDD038_opa_10,3,12,1
918,DDD038_opa_11,3,9,6
919,DDD038_opa_2,2,2,3
920,DDD038_opa_3,2,2,4
921,DDD038_opa_4,3,16,2
922,DDD038_opa_5,3,7,6
923,DDD038_opa_6,1,5,1
924,DDD038_opa_7,2,2,4
925,DDD038_opa_8,2,7,1
926,DDD038_opa_9,2,7,1
927,DDD046_opa_1,4,2,3
928,DDD046_opa_10,2,16,2
929,DDD046_opa_11,2,4,6
930,DDD046_opa_2,2,16,2
931,DDD046_opa_3,2,4,6
932,DDD046_opa_4,4,2,3
933,DDD046_opa_5,2,13,6
934,DDD046_opa_6,2,13,6
935,DDD046_opa_7,2,3,4
936,DDD046_opa_8,2,16,2
937,DDD046_opa_9,2,3,4
938,EEE004_opa_1,4,2,1
939,EEE004_opa_10,1,1,2
940,EEE004_opa_11,1,2,7
941,EEE004_opa_2,1,2,7
942,EEE004_opa_3,1,6,8
943,EEE004_opa_4,4,2,1
944,EEE004_opa_5,1,6,8
945,EEE004_opa_6,1,8,9
946,EEE004_opa_7,2,4,6
947,EEE004_opa_8,1,2,7
948,EEE004_opa_9,2,5,1
949,EEE013_opa_1,1,8,9
950,EEE013_opa_10,1,8,9
951,EEE013_opa_11,1,2,3
952,EEE013_opa_2,1,5,1
953,EEE013_opa_3,5,1,6
954,EEE013_opa_4,3,2,1
955,EEE013_opa_5,1,2,4
956,EEE013_opa_6,1,2,3
957,EEE013_opa_7,1,8,9
958,EEE013_opa_8,1,2,3
959,EEE013_opa_9,1,11,3
960,EEE014_opa_1,5,2,3
961,EEE014_opa_10,3,2,1
962,EEE014_opa_11,3,9,6
963,EEE014_opa_2,1,4,2
964,EEE014_opa_3,1,5,1
965,EEE014_opa_4,1,13,6
966,EEE014_opa_5,5,2,3
967,EEE014_opa_6,1,20,6
968,EEE014_opa_7,2,11,3
969,EEE014_opa_8,3,2,1
970,EEE014_opa_9,3,1,6
971,EEE015_opa_1,2,5,1
972,EEE015_opa_10,1,5,6
973,EEE015_opa_11,1,19,9
974,EEE015_opa_2,2,7,3
975,EEE015_opa_3,3,5,1
976,EEE015_opa_4,2,5,4
977,EEE015_opa_5,2,19,4
978,EEE015_opa_6,1,7,3
979,EEE015_opa_7,2,7,3
980,EEE015_opa_8,1,5,6
981,EEE015_opa_9,3,5,1
982,EEE016_opa_1,1,5,1
983,EEE016_opa_10,1,5,1
984,EEE016_opa_11,3,2,3
985,EEE016_opa_2,2,4,3
986,EEE016_opa_3,4,7,1
987,EEE016_opa_4,1,4,2
988,EEE016_opa_5,1,9,5
989,EEE016_opa_6,1,1,6
990,EEE016_opa_7,2,4,2
991,EEE016_opa_8,1,5,1
992,EEE016_opa_9,3,10,1
993,EEE018_opa_1,1,4,6
994,EEE018_opa_10,1,4,6
995,EEE018_opa_11,3,2,1
996,EEE018_opa_2,1,3,4
997,EEE018_opa_3,2,3,4
998,EEE018_opa_4,2,3,4
999,EEE018_opa_5,2,3,4
1000,EEE018_opa_6,1,6,8
1001,EEE018_opa_7,2,8,9
1002,EEE018_opa_8,3,2,1
1003,EEE018_opa_9,4,8,9
1004,EEE019_opa_1,1,1,2
1005,EEE019_opa_10,1,7,3
1006,EEE019_opa_11,1,4,2
1007,EEE019_opa_2,1,1,2
1008,EEE019_opa_3,5,2,1
1009,EEE019_opa_4,5,2,1
1010,EEE019_opa_5,4,7,3
1011,EEE019_opa_6,3,4,2
1012,EEE019_opa_7,1,9,5
1013,EEE019_opa_8,5,4,2
1014,EEE019_opa_9,1,1,2
1015,EEE020_opa_1,2,3,4
1016,EEE020_opa_10,3,1,5
1017,EEE020_opa_11,4,9,6
1018,EEE020_opa_2,1,18,3
1019,EEE020_opa_3,1,2,3
1020,EEE020_opa_4,1,18,3
1021,EEE020_opa_5,1,5,1
1022,EEE020_opa_6,3,1,5
1023,EEE020_opa_7,1,8,9
1024,EEE020_opa_8,1,2,3
1025,EEE020_opa_9,3,5,1
1026,EEE021_opa_1,1,3,4
1027,EEE021_opa_10,2,3,4
1028,EEE021_opa_11,1,2,3
1029,EEE021_opa_2,1,16,1
1030,EEE021_opa_3,2,3,4
1031,EEE021_opa_4,2,3,4
1032,EEE021_opa_5,1,2,3
1033,EEE021_opa_6,1,6,8
1034,EEE021_opa_7,1,8,9
1035,EEE021_opa_8,1,1,1
1036,EEE021_opa_9,4,12,1
1037,EEE023_opa_1,2,5,1
1038,EEE023_opa_10,1,1,2
1039,EEE023_opa_11,4,12,1
1040,EEE023_opa_2,2,7,1
1041,EEE023_opa_3,2,3,4
1042,EEE023_opa_4,2,3,4
1043,EEE023_opa_5,2,3,4
1044,EEE023_opa_6,1,6,8
1045,EEE023_opa_7,1,4,6
1046,EEE023_opa_8,4,12,1
1047,EEE023_opa_9,4,12,1
1048,EEE026_opa_1,1,7,1
1049,EEE026_opa_10,2,4,5
1050,EEE026_opa_2,2,5,1
1051,EEE026_opa_3,1,7,1
1052,EEE026_opa_4,2,4,5
1053,EEE026_opa_5,1,2,4
1054,EEE026_opa_6,1,2,3
1055,EEE026_opa_7,1,1,2
1056,EEE026_opa_8,3,2,1
1057,EEE026_opa_9,2,4,6
1058,EEE029_opa_1,1,7,1
1059,EEE029_opa_10,2,4,6
1060,EEE029_opa_11,2,3,4
1061,EEE029_opa_2,2,2,4
1062,EEE029_opa_3,1,2,4
1063,EEE029_opa_4,2,3,4
1064,EEE029_opa_5,1,7,1
1065,EEE029_opa_6,2,3,4
1066,EEE029_opa_7,2,2,1
1067,EEE029_opa_8,2,1,5
1068,EEE029_opa_9,1,2,1
1069,EEE030_opa_1,1,4,6
1070,EEE030_opa_10,3,9,6
1071,EEE030_opa_11,1,9,6
1072,EEE030_opa_2,1,6,8
1073,EEE030_opa_3,2,3,4
1074,EEE030_opa_4,2,3,4
1075,EEE030_opa_5,2,3,4
1076,EEE030_opa_6,1,6,8
1077,EEE030_opa_7,2,8,9
1078,EEE030_opa_8,2,3,4
1079,EEE030_opa_9,1,12,1
1080,EEE034_opa_1,1,4,5
1081,EEE034_opa_10,1,7,1
1082,EEE034_opa_11,3,4,5
1083,EEE034_opa_2,1,13,6
1084,EEE034_opa_3,1,15,2
1085,EEE034_opa_4,3,2,1
1086,EEE034_opa_5,2,2,7
1087,EEE034_opa_6,2,7,1
1088,EEE034_opa_7,2,2,3
1089,EEE034_opa_8,2,2,1
1090,EEE034_opa_9,3,2,1
1091,EEE035_opa_1,1,11,3
1092,EEE035_opa_10,4,2,3
1093,EEE035_opa_11,1,1,2
1094,EEE035_opa_2,4,2,3
1095,EEE035_opa_3,4,3,7
1096,EEE035_opa_4,2,2,7
1097,EEE035_opa_5,4,3,7
1098,EEE035_opa_6,4,3,4
1099,EEE035_opa_7,4,3,4
1100,EEE035_opa_8,4,2,3
1101,EEE035_opa_9,4,3,4
1102,EEE037_opa_1,1,1,2
1103,EEE037_opa_10,2,2,3
1104,EEE037_opa_11,1,1,5
1105,EEE037_opa_2,2,1,2
1106,EEE037_opa_3,3,2,3
1107,EEE037_opa_4,2,1,2
1108,EEE037_opa_5,1,18,3
1109,EEE037_opa_6,2,4,5
1110,EEE037_opa_7,2,9,5
1111,EEE037_opa_8,2,4,2
1112,EEE037_opa_9,3,2,3
1113,FA1090_opa_1,1,8,6
1114,FA1090_opa_10,2,1,5
1115,FA1090_opa_11,3,5,7
1116,FA1090_opa_1_reference,1,8,6
1117,FA1090_opa_2,3,5,7
1118,FA1090_opa_3,1,11,3
1119,FA1090_opa_4,2,5,1
1120,FA1090_opa_5,1,8,1
1121,FA1090_opa_6,1,1,5
1122,FA1090_opa_7,2,3,4
1123,FA1090_opa_8,3,3,7
1124,FA1090_opa_9,1,11,3
1125,FA19_opa_1,3,2,3
1126,FA19_opa_2,2,5,1
1127,FA19_opa_3,3,2,3
1128,FA19_opa_4,3,2,3
1129,FA19_opa_5,3,1,2
1130,FA19_opa_6,1,2,3
1131,FA19_opa_7,5,1,6
1132,FA19_opa_8,3,2,3
1133,FA19_opa_9,2,15,6
1134,FA6140_opa_1,5,2,1
1135,FA6140_opa_2,3,5,2
1136,FA6140_opa_3,4,4,2
1137,FA6140_opa_4,4,2,1
1138,FA6140_opa_5,4,2,3
1139,FA6140_opa_6,5,4,9
1140,FA6140_opa_7,2,3,4
1141,FA6140_opa_8,1,11,3
1142,FA6140_opa_9,1,1,2
1143,FDAARGOS_204_opa_1,1,16,2
1144,FDAARGOS_204_opa_10,1,4,6
1145,FDAARGOS_204_opa_11,3,2,1
1146,FDAARGOS_204_opa_2,1,2,1
1147,FDAARGOS_204_opa_3,1,5,1
1148,FDAARGOS_204_opa_4,5,2,1
1149,FDAARGOS_204_opa_5,3,2,1
1150,FDAARGOS_204_opa_6,3,2,1
1151,FDAARGOS_204_opa_7,1,1,6
1152,FDAARGOS_204_opa_8,1,1,6
1153,FDAARGOS_204_opa_9,1,5,1
1154,FDAARGOS_205_opa_1,1,3,4
1155,FDAARGOS_205_opa_10,3,3,4
1156,FDAARGOS_205_opa_11,2,2,7
1157,FDAARGOS_205_opa_2,3,10,1
1158,FDAARGOS_205_opa_3,1,6,8
1159,FDAARGOS_205_opa_4,2,3,2
1160,FDAARGOS_205_opa_5,2,2,3
1161,FDAARGOS_205_opa_6,2,7,1
1162,FDAARGOS_205_opa_7,2,3,4
1163,FDAARGOS_205_opa_8,2,3,4
1164,FDAARGOS_205_opa_9,1,12,1
1165,FDAARGOS_207_opa_1,5,5,1
1166,FDAARGOS_207_opa_10,1,4,2
1167,FDAARGOS_207_opa_11,5,3,4
1168,FDAARGOS_207_opa_2,5,1,2
1169,FDAARGOS_207_opa_3,2,1,2
1170,FDAARGOS_207_opa_4,5,3,4
1171,FDAARGOS_207_opa_5,2,5,1
1172,FDAARGOS_207_opa_6,2,5,1
1173,FDAARGOS_207_opa_7,1,4,2
1174,FDAARGOS_207_opa_8,5,3,4
1175,FDAARGOS_207_opa_9,3,2,1
1176,FFF004_opa_1,2,5,1
1177,FFF004_opa_10,1,5,6
1178,FFF004_opa_11,1,19,9
1179,FFF004_opa_2,2,7,3
1180,FFF004_opa_3,2,7,3
1181,FFF004_opa_4,1,4,6
1182,FFF004_opa_5,3,5,1
1183,FFF004_opa_6,1,5,6
1184,FFF004_opa_7,1,4,2
1185,FFF004_opa_8,1,5,6
1186,FFF004_opa_9,3,5,1
1187,FFF005_opa_1,2,5,1
1188,FFF005_opa_10,2,5,6
1189,FFF005_opa_11,1,19,9
1190,FFF005_opa_2,2,7,3
1191,FFF005_opa_3,1,7,3
1192,FFF005_opa_4,2,3,4
1193,FFF005_opa_5,1,15,2
1194,FFF005_opa_6,2,5,6
1195,FFF005_opa_7,1,4,6
1196,FFF005_opa_8,2,5,6
1197,FFF005_opa_9,2,3,4
1198,FFF007_opa_1,1,10,1
1199,FFF007_opa_10,2,1,4
1200,FFF007_opa_11,2,1,4
1201,FFF007_opa_2,1,10,1
1202,FFF007_opa_3,1,6,8
1203,FFF007_opa_4,3,2,1
1204,FFF007_opa_5,1,10,1
1205,FFF007_opa_6,1,13,6
1206,FFF007_opa_7,1,1,4
1207,FFF007_opa_8,2,2,3
1208,FFF007_opa_9,2,2,3
1209,FFF012_opa_1,1,2,3
1210,FFF012_opa_10,1,1,2
1211,FFF012_opa_11,3,2,3
1212,FFF012_opa_2,1,6,8
1213,FFF012_opa_3,4,4,6
1214,FFF012_opa_4,1,2,3
1215,FFF012_opa_5,2,10,1
1216,FFF012_opa_6,3,4,6
1217,FFF012_opa_7,2,8,9
1218,FFF012_opa_8,2,1,6
1219,FFF012_opa_9,2,10,1
1220,FFF017_opa_1,1,1,2
1221,FFF017_opa_10,2,1,2
1222,FFF017_opa_11,1,1,2
1223,FFF017_opa_2,1,2,1
1224,FFF017_opa_3,4,3,7
1225,FFF017_opa_4,1,1,1
1226,FFF017_opa_5,1,1,2
1227,FFF017_opa_6,1,11,3
1228,FFF017_opa_7,1,11,3
1229,FFF017_opa_8,1,1,2
1230,FFF017_opa_9,2,5,1
1231,FFF024_opa_1,1,10,1
1232,FFF024_opa_10,1,1,6
1233,FFF024_opa_11,5,1,2
1234,FFF024_opa_2,5,1,2
1235,FFF024_opa_3,1,4,5
1236,FFF024_opa_4,2,3,4
1237,FFF024_opa_5,2,3,4
1238,FFF024_opa_6,2,1,5
1239,FFF024_opa_7,1,6,8
1240,FFF024_opa_8,2,3,4
1241,FFF024_opa_9,1,10,1
1242,FFF026_opa_1,1,14,1
1243,FFF026_opa_10,2,1,6
1244,FFF026_opa_11,1,1,6
1245,FFF026_opa_2,1,7,1
1246,FFF026_opa_3,2,10,1
1247,FFF026_opa_4,3,1,6
1248,FFF026_opa_5,1,14,1
1249,FFF026_opa_6,1,14,4
1250,FFF026_opa_7,2,9,5
1251,FFF026_opa_8,1,1,6
1252,FFF026_opa_9,4,12,1
1253,FFF038_opa_1,1,1,7
1254,FFF038_opa_10,4,1,7
1255,FFF038_opa_11,1,1,5
1256,FFF038_opa_2,1,2,7
1257,FFF038_opa_3,2,1,5
1258,FFF038_opa_4,1,6,8
1259,FFF038_opa_5,1,2,1
1260,FFF038_opa_6,1,1,5
1261,FFF038_opa_7,2,1,4
1262,FFF038_opa_8,1,1,6
1263,FFF038_opa_9,1,1,8
1264,FFF044_opa_1,5,2,1
1265,FFF044_opa_10,2,1,6
1266,FFF044_opa_11,2,2,2
1267,FFF044_opa_2,1,2,2
1268,FFF044_opa_3,1,6,8
1269,FFF044_opa_4,1,1,6
1270,FFF044_opa_5,3,5,1
1271,FFF044_opa_6,2,2,4
1272,FFF044_opa_7,3,5,1
1273,FFF044_opa_8,1,6,8
1274,FFF044_opa_9,3,5,1
1275,FFF047_opa_1,5,1,3
1276,FFF047_opa_10,3,3,4
1277,FFF047_opa_2,2,2,1
1278,FFF047_opa_3,1,1,2
1279,FFF047_opa_4,1,2,2
1280,FFF047_opa_5,5,2,3
1281,FFF047_opa_6,3,1,3
1282,FFF047_opa_7,3,3,4
1283,FFF047_opa_8,1,2,2
1284,FFF047_opa_9,1,19,9
1285,FQ01_opa_1,1,1,2
1286,FQ01_opa_10,2,3,4
1287,FQ01_opa_11,1,2,1
1288,FQ01_opa_2,1,6,8
1289,FQ01_opa_3,1,6,1
1290,FQ01_opa_4,1,6,1
1291,FQ01_opa_5,1,20,6
1292,FQ01_opa_6,1,10,1
1293,FQ01_opa_7,2,14,9
1294,FQ01_opa_8,1,2,1
1295,FQ01_opa_9,1,10,1
1296,FQ02_opa_1,2,4,5
1297,FQ02_opa_10,1,1,5
1298,FQ02_opa_11,4,2,7
1299,FQ02_opa_2,1,1,5
1300,FQ02_opa_3,3,15,2
1301,FQ02_opa_4,1,4,5
1302,FQ02_opa_5,1,4,5
1303,FQ02_opa_6,1,2,3
1304,FQ02_opa_7,2,4,5
1305,FQ02_opa_8,1,15,2
1306,FQ02_opa_9,4,10,1
1307,FQ04_opa_1,2,3,6
1308,FQ04_opa_10,1,1,5
1309,FQ04_opa_11,2,3,4
1310,FQ04_opa_2,2,3,4
1311,FQ04_opa_3,1,10,1
1312,FQ04_opa_4,2,3,4
1313,FQ04_opa_5,1,6,8
1314,FQ04_opa_6,2,4,5
1315,FQ04_opa_7,2,3,4
1316,FQ04_opa_8,1,10,1
1317,FQ04_opa_9,1,4,5
1318,FQ20_opa_1,3,14,4
1319,FQ20_opa_10,2,1,6
1320,FQ20_opa_11,2,14,9
1321,FQ20_opa_2,1,5,1
1322,FQ20_opa_3,1,15,2
1323,FQ20_opa_4,1,5,1
1324,FQ20_opa_5,3,6,8
1325,FQ20_opa_6,3,1,3
1326,FQ20_opa_7,2,14,9
1327,FQ20_opa_8,1,14,1
1328,FQ20_opa_9,2,14,9
1329,FQ35_opa_1,3,14,4
1330,FQ35_opa_10,2,1,6
1331,FQ35_opa_11,2,14,9
1332,FQ35_opa_2,1,5,1
1333,FQ35_opa_3,3,6,8
1334,FQ35_opa_4,1,5,1
1335,FQ35_opa_5,1,15,2
1336,FQ35_opa_6,3,1,3
1337,FQ35_opa_7,2,14,9
1338,FQ35_opa_8,1,14,1
1339,FQ35_opa_9,2,14,9
1340,FQ36_opa_1,1,5,1
1341,FQ36_opa_10,1,1,2
1342,FQ36_opa_11,2,2,1
1343,FQ36_opa_2,2,2,3
1344,FQ36_opa_3,1,5,1
1345,FQ36_opa_4,1,4,2
1346,FQ36_opa_5,2,18,3
1347,FQ36_opa_6,4,9,6
1348,FQ36_opa_7,1,1,2
1349,FQ36_opa_8,1,4,2
1350,FQ36_opa_9,4,12,1
1351,FQ48_opa_1,1,2,3
1352,FQ48_opa_10,1,8,9
1353,FQ48_opa_2,6,21,2
1354,FQ48_opa_3,1,7,1
1355,FQ48_opa_4,1,2,3
1356,FQ48_opa_5,2,9,5
1357,FQ48_opa_6,1,1,4
1358,FQ48_opa_7,4,12,1
1359,FQ48_opa_8,1,4,5
1360,FQ48_opa_9,1,1,4
1361,FQ82_opa_1,2,3,6
1362,FQ82_opa_10,1,1,6
1363,FQ82_opa_11,1,10,1
1364,FQ82_opa_2,1,3,4
1365,FQ82_opa_3,1,6,8
1366,FQ82_opa_4,2,3,4
1367,FQ82_opa_5,1,6,8
1368,FQ82_opa_6,1,4,5
1369,FQ82_opa_7,2,3,4
1370,FQ82_opa_8,1,10,1
1371,FQ82_opa_9,1,4,5
1372,FQ84_opa_1,2,3,6
1373,FQ84_opa_10,1,1,6
1374,FQ84_opa_11,1,4,5
1375,FQ84_opa_2,1,3,4
1376,FQ84_opa_3,1,5,1
1377,FQ84_opa_4,2,3,4
1378,FQ84_opa_5,1,6,8
1379,FQ84_opa_6,1,4,5
1380,FQ84_opa_7,2,3,4
1381,FQ84_opa_8,1,10,1
1382,FQ84_opa_9,1,4,5
1383,GCGS0245_opa_1,2,5,1
1384,GCGS0245_opa_10,3,2,1
1385,GCGS0245_opa_11,1,5,7
1386,GCGS0245_opa_2,2,19,7
1387,GCGS0245_opa_3,1,15,2
1388,GCGS0245_opa_4,2,19,7
1389,GCGS0245_opa_5,2,2,7
1390,GCGS0245_opa_6,1,5,1
1391,GCGS0245_opa_7,2,19,7
1392,GCGS0245_opa_8,2,5,1
1393,GCGS0245_opa_9,2,5,1
1394,GCGS0276_opa_1,1,1,5
1395,GCGS0276_opa_10,1,19,9
1396,GCGS0276_opa_11,4,2,7
1397,GCGS0276_opa_2,1,19,9
1398,GCGS0276_opa_3,1,4,5
1399,GCGS0276_opa_4,1,4,5
1400,GCGS0276_opa_5,1,10,1
1401,GCGS0276_opa_6,2,2,3
1402,GCGS0276_opa_7,2,4,5
1403,GCGS0276_opa_8,2,10,1
1404,GCGS0276_opa_9,2,10,1
1405,GCGS0306_opa_1,1,4,5
1406,GCGS0306_opa_10,1,2,1
1407,GCGS0306_opa_11,1,19,9
1408,GCGS0306_opa_2,2,2,7
1409,GCGS0306_opa_3,1,4,7
1410,GCGS0306_opa_4,1,11,5
1411,GCGS0306_opa_5,1,9,5
1412,GCGS0306_opa_6,1,10,1
1413,GCGS0306_opa_7,1,4,5
1414,GCGS0306_opa_8,1,2,1
1415,GCGS0306_opa_9,1,10,1
1416,GCGS0313_opa_1,3,2,1
1417,GCGS0313_opa_10,3,1,6
1418,GCGS0313_opa_11,3,2,2
1419,GCGS0313_opa_2,3,4,7
1420,GCGS0313_opa_3,3,15,2
1421,GCGS0313_opa_4,3,2,1
1422,GCGS0313_opa_5,3,2,1
1423,GCGS0313_opa_6,3,7,2
1424,GCGS0313_opa_7,3,1,3
1425,GCGS0313_opa_8,3,2,7
1426,GCGS0313_opa_9,1,1,3
1427,GCGS0339_opa_1,1,1,2
1428,GCGS0339_opa_10,3,4,5
1429,GCGS0339_opa_11,1,1,4
1430,GCGS0339_opa_2,1,10,5
1431,GCGS0339_opa_3,1,15,2
1432,GCGS0339_opa_4,4,8,9
1433,GCGS0339_opa_5,4,2,7
1434,GCGS0339_opa_6,3,4,5
1435,GCGS0339_opa_7,2,9,5
1436,GCGS0339_opa_8,3,4,5
1437,GCGS0339_opa_9,4,10,1
1438,GCGS0373_opa_1,5,7,2
1439,GCGS0373_opa_10,5,2,3
1440,GCGS0373_opa_2,5,1,6
1441,GCGS0373_opa_3,5,2,3
1442,GCGS0373_opa_4,1,2,3
1443,GCGS0373_opa_5,5,7,2
1444,GCGS0373_opa_6,2,9,5
1445,GCGS0373_opa_7,5,7,2
1446,GCGS0373_opa_8,1,10,3
1447,GCGS0373_opa_9,2,1,4
1448,GCGS0423_opa_1,3,5,1
1449,GCGS0423_opa_10,2,19,9
1450,GCGS0423_opa_11,2,5,1
1451,GCGS0423_opa_2,5,2,3
1452,GCGS0423_opa_3,2,5,1
1453,GCGS0423_opa_4,5,2,3
1454,GCGS0423_opa_5,2,5,1
1455,GCGS0423_opa_6,2,2,3
1456,GCGS0423_opa_7,3,1,2
1457,GCGS0423_opa_8,3,1,2
1458,GCGS0423_opa_9,1,5,1
1459,GCGS0431_opa_1,3,1,6
1460,GCGS0431_opa_10,1,1,2
1461,GCGS0431_opa_11,3,2,7
1462,GCGS0431_opa_2,3,1,6
1463,GCGS0431_opa_3,1,8,9
1464,GCGS0431_opa_4,2,1,6
1465,GCGS0431_opa_5,3,1,6
1466,GCGS0431_opa_6,1,7,1
1467,GCGS0431_opa_7,2,2,7
1468,GCGS0431_opa_8,3,2,7
1469,GCGS0431_opa_9,1,1,7
1470,GCGS0457_opa_1,2,1,2
1471,GCGS0457_opa_10,2,1,2
1472,GCGS0457_opa_11,1,19,2
1473,GCGS0457_opa_2,2,2,3
1474,GCGS0457_opa_3,1,18,3
1475,GCGS0457_opa_4,2,18,3
1476,GCGS0457_opa_5,2,1,4
1477,GCGS0457_opa_6,2,1,2
1478,GCGS0457_opa_7,1,2,2
1479,GCGS0457_opa_8,2,2,3
1480,GCGS0457_opa_9,1,2,2
1481,GCGS0769_opa_1,3,19,7
1482,GCGS0769_opa_10,3,19,9
1483,GCGS0769_opa_11,4,2,7
1484,GCGS0769_opa_2,3,4,6
1485,GCGS0769_opa_3,2,2,1
1486,GCGS0769_opa_4,3,2,7
1487,GCGS0769_opa_5,1,1,6
1488,GCGS0769_opa_6,2,2,3
1489,GCGS0769_opa_7,2,1,3
1490,GCGS0769_opa_8,4,4,9
1491,GCGS0769_opa_9,3,4,5
1492,GCGS0834_opa_1,5,3,4
1493,GCGS0834_opa_2,1,9,5
1494,GCGS0834_opa_3,1,4,5
1495,GCGS0834_opa_4,4,12,1
1496,GCGS0834_opa_5,5,3,4
1497,GCGS0834_opa_6,2,9,5
1498,GCGS0834_opa_7,1,8,9
1499,GCGS0834_opa_8,4,12,1
1500,GCGS0834_opa_9,1,8,9
1501,GCGS0864_opa_1,5,3,4
1502,GCGS0864_opa_10,1,2,3
1503,GCGS0864_opa_2,6,21,2
1504,GCGS0864_opa_3,1,9,5
1505,GCGS0864_opa_4,1,3,4
1506,GCGS0864_opa_5,4,12,1
1507,GCGS0864_opa_6,5,7,1
1508,GCGS0864_opa_7,2,9,5
1509,GCGS0864_opa_8,1,2,3
1510,GCGS0864_opa_9,4,12,1
1511,GCGS1013_opa_1,2,1,5
1512,GCGS1013_opa_10,2,1,4
1513,GCGS1013_opa_11,1,2,2
1514,GCGS1013_opa_2,2,1,2
1515,GCGS1013_opa_3,2,1,4
1516,GCGS1013_opa_4,2,1,2
1517,GCGS1013_opa_5,1,18,3
1518,GCGS1013_opa_6,2,7,1
1519,GCGS1013_opa_7,2,9,2
1520,GCGS1013_opa_8,2,1,2
1521,GCGS1013_opa_9,1,2,2
1522,GCGS1014_opa_1,2,1,5
1523,GCGS1014_opa_10,1,2,2
1524,GCGS1014_opa_11,3,2,7
1525,GCGS1014_opa_2,2,1,6
1526,GCGS1014_opa_3,2,1,6
1527,GCGS1014_opa_4,2,1,4
1528,GCGS1014_opa_5,2,1,2
1529,GCGS1014_opa_6,1,2,3
1530,GCGS1014_opa_7,2,1,2
1531,GCGS1014_opa_8,1,2,2
1532,GCGS1014_opa_9,2,1,6
1533,GCGS1095_opa_1,2,1,5
1534,GCGS1095_opa_10,2,2,2
1535,GCGS1095_opa_11,3,2,7
1536,GCGS1095_opa_2,2,1,4
1537,GCGS1095_opa_3,2,1,4
1538,GCGS1095_opa_4,2,1,2
1539,GCGS1095_opa_5,1,18,3
1540,GCGS1095_opa_6,2,1,2
1541,GCGS1095_opa_7,1,2,2
1542,GCGS1095_opa_8,2,1,6
1543,GCGS1095_opa_9,1,2,2
1544,GGG022_opa_1,4,8,9
1545,GGG022_opa_10,1,1,3
1546,GGG022_opa_11,1,1,2
1547,GGG022_opa_2,4,2,3
1548,GGG022_opa_3,1,6,8
1549,GGG022_opa_4,4,2,1
1550,GGG022_opa_5,2,2,7
1551,GGG022_opa_6,2,1,4
1552,GGG022_opa_7,1,1,2
1553,GGG022_opa_8,2,1,7
1554,GGG022_opa_9,3,2,1
1555,GGG031_opa_1,2,2,1
1556,GGG031_opa_10,2,1,6
1557,GGG031_opa_11,1,5,1
1558,GGG031_opa_2,5,1,2
1559,GGG031_opa_3,2,6,8
1560,GGG031_opa_4,5,1,2
1561,GGG031_opa_5,5,5,1
1562,GGG031_opa_6,2,2,3
1563,GGG031_opa_7,1,2,2
1564,GGG031_opa_8,1,5,1
1565,GGG031_opa_9,2,5,1
1566,H035_opa_1,1,1,2
1567,H035_opa_10,1,1,5
1568,H035_opa_11,2,4,2
1569,H035_opa_2,1,4,2
1570,H035_opa_3,1,2,3
1571,H035_opa_4,1,1,2
1572,H035_opa_5,1,18,3
1573,H035_opa_6,1,4,5
1574,H035_opa_7,2,9,5
1575,H035_opa_8,1,4,5
1576,H035_opa_9,3,2,3
1577,HHH023_opa_1,1,13,6
1578,HHH023_opa_10,2,1,4
1579,HHH023_opa_11,1,2,2
1580,HHH023_opa_2,1,13,6
1581,HHH023_opa_3,4,7,3
1582,HHH023_opa_4,1,2,2
1583,HHH023_opa_5,1,2,3
1584,HHH023_opa_6,1,2,2
1585,HHH023_opa_7,1,13,6
1586,HHH023_opa_8,3,1,6
1587,HHH023_opa_9,1,13,6
1588,HHH030_opa_1,3,4,6
1589,HHH030_opa_10,1,2,3
1590,HHH030_opa_2,3,4,6
1591,HHH030_opa_3,2,3,4
1592,HHH030_opa_4,2,3,4
1593,HHH030_opa_5,2,3,4
1594,HHH030_opa_6,2,3,4
1595,HHH030_opa_7,1,1,2
1596,HHH030_opa_8,2,3,4
1597,HHH030_opa_9,1,1,2
1598,HHH042_opa_1,2,16,2
1599,HHH042_opa_10,2,1,2
1600,HHH042_opa_11,2,10,1
1601,HHH042_opa_2,2,10,1
1602,HHH042_opa_3,1,6,8
1603,HHH042_opa_4,1,4,5
1604,HHH042_opa_5,4,3,4
1605,HHH042_opa_6,2,10,1
1606,HHH042_opa_7,1,11,3
1607,HHH042_opa_8,2,4,2
1608,HHH042_opa_9,4,10,1
1609,JJJ010_opa_1,1,8,9
1610,JJJ010_opa_10,1,5,1
1611,JJJ010_opa_11,1,8,9
1612,JJJ010_opa_2,1,8,9
1613,JJJ010_opa_3,3,2,1
1614,JJJ010_opa_4,4,2,1
1615,JJJ010_opa_5,1,2,4
1616,JJJ010_opa_6,1,8,9
1617,JJJ010_opa_7,1,2,2
1618,JJJ010_opa_8,4,8,1
1619,JJJ010_opa_9,3,2,3
1620,JJJ020_opa_1,1,10,1
1621,JJJ020_opa_10,1,4,7
1622,JJJ020_opa_11,2,4,2
1623,JJJ020_opa_2,1,4,5
1624,JJJ020_opa_3,2,1,4
1625,JJJ020_opa_4,2,1,4
1626,JJJ020_opa_5,2,3,4
1627,JJJ020_opa_6,1,1,2
1628,JJJ020_opa_7,2,3,4
1629,JJJ020_opa_8,2,4,7
1630,JJJ020_opa_9,1,1,2
1631,JJJ025_opa_1,1,7,3
1632,JJJ025_opa_10,1,2,3
1633,JJJ025_opa_11,1,12,1
1634,JJJ025_opa_2,1,13,3
1635,JJJ025_opa_3,5,2,3
1636,JJJ025_opa_4,5,2,1
1637,JJJ025_opa_5,5,2,1
1638,JJJ025_opa_6,3,7,1
1639,JJJ025_opa_7,1,1,2
1640,JJJ025_opa_8,1,12,1
1641,JJJ025_opa_9,3,12,1
1642,NCTC8375_opa_1,3,5,2
1643,NCTC8375_opa_10,1,5,1
1644,NCTC8375_opa_2,1,1,2
1645,NCTC8375_opa_3,2,1,7
1646,NCTC8375_opa_4,1,5,1
1647,NCTC8375_opa_5,1,5,1
1648,NCTC8375_opa_6,2,5,1
1649,NCTC8375_opa_7,1,5,1
1650,NCTC8375_opa_8,1,12,1
1651,NCTC8375_opa_9,1,1,2
1652,NG196_opa_1,1,1,2
1653,NG196_opa_10,4,5,1
1654,NG196_opa_11,1,8,9
1655,NG196_opa_2,1,1,4
1656,NG196_opa_3,1,1,6
1657,NG196_opa_4,1,4,6
1658,NG196_opa_5,1,5,1
1659,NG196_opa_6,1,1,4
1660,NG196_opa_7,4,1,1
1661,NG196_opa_8,1,4,6
1662,NG196_opa_9,4,1,1
1663,NG250_opa_1,2,3,2
1664,NG250_opa_10,1,1,2
1665,NG250_opa_11,1,1,2
1666,NG250_opa_2,1,1,2
1667,NG250_opa_3,2,5,1
1668,NG250_opa_4,1,4,2
1669,NG250_opa_5,2,1,2
1670,NG250_opa_6,2,1,2
1671,NG250_opa_7,1,11,3
1672,NG250_opa_8,1,1,2
1673,NG250_opa_9,1,11,3
1674,NG251_opa_1,1,4,2
1675,NG251_opa_10,4,5,1
1676,NG251_opa_11,1,8,9
1677,NG251_opa_2,1,5,1
1678,NG251_opa_3,4,1,1
1679,NG251_opa_4,4,1,1
1680,NG251_opa_5,1,1,2
1681,NG251_opa_6,1,1,6
1682,NG251_opa_7,1,1,5
1683,NG251_opa_8,1,4,2
1684,NG251_opa_9,4,1,1
1685,NG290_opa_1,1,1,5
1686,NG290_opa_10,4,5,1
1687,NG290_opa_11,1,8,9
1688,NG290_opa_2,1,5,1
1689,NG290_opa_3,1,1,6
1690,NG290_opa_4,4,1,6
1691,NG290_opa_5,4,1,1
1692,NG290_opa_6,1,1,1
1693,NG290_opa_7,1,1,5
1694,NG290_opa_8,1,8,9
1695,NG290_opa_9,1,1,1
1696,Ng_118_opa_1,1,1,2
1697,Ng_118_opa_10,1,1,6
1698,Ng_118_opa_11,4,2,1
1699,Ng_118_opa_2,1,13,6
1700,Ng_118_opa_3,4,2,3
1701,Ng_118_opa_4,5,2,1
1702,Ng_118_opa_5,5,2,1
1703,Ng_118_opa_6,5,2,1
1704,Ng_118_opa_7,1,1,2
1705,Ng_118_opa_8,1,2,1
1706,Ng_118_opa_9,4,2,3
1707,Ng_188_opa_1,2,1,2
1708,Ng_188_opa_10,1,1,2
1709,Ng_188_opa_11,2,5,1
1710,Ng_188_opa_2,1,1,2
1711,Ng_188_opa_3,1,15,2
1712,Ng_188_opa_4,1,1,2
1713,Ng_188_opa_5,2,5,1
1714,Ng_188_opa_6,1,15,2
1715,Ng_188_opa_7,1,11,3
1716,Ng_188_opa_8,2,5,1
1717,Ng_188_opa_9,1,3,7
1718,RIVM0610_opa_1,1,7,1
1719,RIVM0610_opa_10,1,8,9
1720,RIVM0610_opa_2,6,21,2
1721,RIVM0610_opa_3,4,12,1
1722,RIVM0610_opa_4,1,4,5
1723,RIVM0610_opa_5,1,9,5
1724,RIVM0610_opa_6,5,3,4
1725,RIVM0610_opa_7,2,9,5
1726,RIVM0610_opa_8,1,2,3
1727,RIVM0610_opa_9,4,12,1
1728,RIVM0640_opa_1,5,3,4
1729,RIVM0640_opa_10,1,8,9
1730,RIVM0640_opa_2,6,21,2
1731,RIVM0640_opa_3,4,12,1
1732,RIVM0640_opa_4,1,4,5
1733,RIVM0640_opa_5,1,9,5
1734,RIVM0640_opa_6,5,3,4
1735,RIVM0640_opa_7,2,9,5
1736,RIVM0640_opa_8,1,8,9
1737,RIVM0640_opa_9,4,12,1
1738,SAMEA116302675_opa_1,2,1,4
1739,SAMEA116302675_opa_10,2,1,4
1740,SAMEA116302675_opa_11,1,1,6
1741,SAMEA116302675_opa_2,1,1,2
1742,SAMEA116302675_opa_3,3,1,6
1743,SAMEA116302675_opa_4,2,1,2
1744,SAMEA116302675_opa_5,1,13,6
1745,SAMEA116302675_opa_6,1,1,6
1746,SAMEA116302675_opa_7,1,15,6
1747,SAMEA116302675_opa_8,1,1,6
1748,SAMEA116302675_opa_9,1,1,2
1749,SAMEA116302676_opa_1,2,1,4
1750,SAMEA116302676_opa_10,2,1,4
1751,SAMEA116302676_opa_11,1,1,6
1752,SAMEA116302676_opa_2,1,1,2
1753,SAMEA116302676_opa_3,3,1,6
1754,SAMEA116302676_opa_4,2,1,2
1755,SAMEA116302676_opa_5,1,13,6
1756,SAMEA116302676_opa_6,1,1,6
1757,SAMEA116302676_opa_7,1,15,6
1758,SAMEA116302676_opa_8,1,1,6
1759,SAMEA116302676_opa_9,1,1,2
1760,SE690_opa_1,2,2,1
1761,SE690_opa_10,1,9,6
1762,SE690_opa_11,2,3,5
1763,SE690_opa_2,5,4,5
1764,SE690_opa_3,1,9,6
1765,SE690_opa_4,1,1,5
1766,SE690_opa_5,2,1,5
1767,SE690_opa_6,1,1,2
1768,SE690_opa_7,1,8,9
1769,SE690_opa_8,1,3,4
1770,SE690_opa_9,1,3,4
1771,SRR5827236_opa_1,1,1,2
1772,SRR5827236_opa_10,1,1,2
1773,SRR5827236_opa_11,1,9,5
1774,SRR5827236_opa_2,2,1,2
1775,SRR5827236_opa_3,1,9,5
1776,SRR5827236_opa_4,2,1,1
1777,SRR5827236_opa_5,2,1,2
1778,SRR5827236_opa_6,2,1,2
1779,SRR5827236_opa_7,1,1,2
1780,SRR5827236_opa_8,1,1,7
1781,SRR5827236_opa_9,1,2,3
1782,SRR5827322_opa_1,2,4,5
1783,SRR5827322_opa_10,2,1,5
1784,SRR5827322_opa_11,4,2,7
1785,SRR5827322_opa_2,2,1,5
1786,SRR5827322_opa_3,3,15,2
1787,SRR5827322_opa_4,2,1,5
1788,SRR5827322_opa_5,1,4,5
1789,SRR5827322_opa_6,1,8,9
1790,SRR5827322_opa_7,2,4,5
1791,SRR5827322_opa_8,1,8,9
1792,SRR5827322_opa_9,4,10,1
1793,SRRSH203_opa_1,3,8,9
1794,SRRSH203_opa_10,3,3,4
1795,SRRSH203_opa_11,1,6,8
1796,SRRSH203_opa_2,2,2,3
1797,SRRSH203_opa_3,1,6,8
1798,SRRSH203_opa_4,4,2,1
1799,SRRSH203_opa_5,1,6,8
1800,SRRSH203_opa_6,1,2,1
1801,SRRSH203_opa_7,2,4,6
1802,SRRSH203_opa_8,1,6,8
1803,SRRSH203_opa_9,2,8,9
1804,SRRSH204_opa_1,3,8,9
1805,SRRSH204_opa_10,3,3,4
1806,SRRSH204_opa_11,1,2,1
1807,SRRSH204_opa_2,2,2,3
1808,SRRSH204_opa_3,1,6,8
1809,SRRSH204_opa_4,4,2,1
1810,SRRSH204_opa_5,1,6,8
1811,SRRSH204_opa_6,1,2,1
1812,SRRSH204_opa_7,2,4,6
1813,SRRSH204_opa_8,1,6,8
1814,SRRSH204_opa_9,2,8,9
1815,SRRSH205_opa_1,3,8,9
1816,SRRSH205_opa_10,3,3,4
1817,SRRSH205_opa_11,1,6,8
1818,SRRSH205_opa_2,2,2,3
1819,SRRSH205_opa_3,1,6,8
1820,SRRSH205_opa_4,4,2,1
1821,SRRSH205_opa_5,1,6,8
1822,SRRSH205_opa_6,1,2,1
1823,SRRSH205_opa_7,2,4,6
1824,SRRSH205_opa_8,1,6,8
1825,SRRSH205_opa_9,2,8,9
1826,SRRSH207_opa_1,3,4,5
1827,SRRSH207_opa_10,3,3,4
1828,SRRSH207_opa_11,4,6,8
1829,SRRSH207_opa_2,2,2,3
1830,SRRSH207_opa_3,1,6,8
1831,SRRSH207_opa_4,4,2,1
1832,SRRSH207_opa_5,1,6,8
1833,SRRSH207_opa_6,3,4,6
1834,SRRSH207_opa_7,2,8,9
1835,SRRSH207_opa_8,3,2,1
1836,SRRSH207_opa_9,2,8,9
1837,SRRSH214_opa_1,3,8,9
1838,SRRSH214_opa_10,3,3,4
1839,SRRSH214_opa_11,4,2,1
1840,SRRSH214_opa_2,2,2,3
1841,SRRSH214_opa_3,1,6,8
1842,SRRSH214_opa_4,4,2,1
1843,SRRSH214_opa_5,1,6,8
1844,SRRSH214_opa_6,1,2,1
1845,SRRSH214_opa_7,2,4,6
1846,SRRSH214_opa_8,1,6,8
1847,SRRSH214_opa_9,2,8,9
1848,SRRSH229_opa_1,3,8,9
1849,SRRSH229_opa_10,3,3,4
1850,SRRSH229_opa_11,1,6,8
1851,SRRSH229_opa_2,2,2,3
1852,SRRSH229_opa_3,1,6,8
1853,SRRSH229_opa_4,4,2,1
1854,SRRSH229_opa_5,1,6,8
1855,SRRSH229_opa_6,1,2,1
1856,SRRSH229_opa_7,2,4,6
1857,SRRSH229_opa_8,1,6,8
1858,SRRSH229_opa_9,2,8,9
1859,SRRSH240_opa_1,3,4,5
1860,SRRSH240_opa_10,3,3,4
1861,SRRSH240_opa_11,4,6,8
1862,SRRSH240_opa_2,2,2,3
1863,SRRSH240_opa_3,1,6,8
1864,SRRSH240_opa_4,4,2,1
1865,SRRSH240_opa_5,1,6,8
1866,SRRSH240_opa_6,3,4,6
1867,SRRSH240_opa_7,2,8,9
1868,SRRSH240_opa_8,3,2,1
1869,SRRSH240_opa_9,2,8,9
1870,SS3160_opa_1,4,2,1
1871,SS3160_opa_10,1,1,2
1872,SS3160_opa_11,2,2,1
1873,SS3160_opa_2,2,5,1
1874,SS3160_opa_3,1,6,8
1875,SS3160_opa_4,4,2,1
1876,SS3160_opa_5,1,6,8
1877,SS3160_opa_6,2,8,9
1878,SS3160_opa_7,2,4,6
1879,SS3160_opa_8,2,5,1
1880,SS3160_opa_9,2,5,1
1881,TFG-A2_opa_1,1,5,1
1882,TFG-A2_opa_10,1,1,2
1883,TFG-A2_opa_11,1,12,1
1884,TFG-A2_opa_2,1,2,3
1885,TFG-A2_opa_3,1,12,1
1886,TFG-A2_opa_4,1,1,2
1887,TFG-A2_opa_5,1,9,6
1888,TFG-A2_opa_6,1,1,2
1889,TFG-A2_opa_7,1,1,2
1890,TFG-A2_opa_8,1,1,2
1891,TFG-A2_opa_9,4,12,1
1892,TFG-B2_opa_1,1,5,1
1893,TFG-B2_opa_10,1,1,2
1894,TFG-B2_opa_11,1,9,6
1895,TFG-B2_opa_2,2,2,3
1896,TFG-B2_opa_3,1,9,6
1897,TFG-B2_opa_4,1,1,2
1898,TFG-B2_opa_5,1,1,2
1899,TFG-B2_opa_6,1,1,2
1900,TFG-B2_opa_7,1,1,2
1901,TFG-B2_opa_8,1,9,6
1902,TFG-B2_opa_9,1,12,1
1903,TH1713_opa_1,2,1,6
1904,TH1713_opa_10,2,1,5
1905,TH1713_opa_11,5,10,1
1906,TH1713_opa_2,2,1,9
1907,TH1713_opa_3,2,1,5
1908,TH1713_opa_4,5,7,1
1909,TH1713_opa_5,1,7,1
1910,TH1713_opa_6,5,10,1
1911,TH1713_opa_7,2,1,5
1912,TH1713_opa_8,5,1,6
1913,TH1713_opa_9,2,10,1
1914,TH2288_opa_1,2,1,6
1915,TH2288_opa_10,2,1,5
1916,TH2288_opa_11,5,10,1
1917,TH2288_opa_2,2,1,9
1918,TH2288_opa_3,2,1,5
1919,TH2288_opa_4,5,7,1
1920,TH2288_opa_5,1,7,1
1921,TH2288_opa_6,5,10,1
1922,TH2288_opa_7,2,1,5
1923,TH2288_opa_8,5,1,6
1924,TH2288_opa_9,2,10,1
1925,TUM15748_opa_1,2,1,2
1926,TUM15748_opa_10,2,1,2
1927,TUM15748_opa_11,2,1,2
1928,TUM15748_opa_2,2,3,4
1929,TUM15748_opa_3,3,2,3
1930,TUM15748_opa_4,1,13,6
1931,TUM15748_opa_5,2,1,2
1932,TUM15748_opa_6,2,1,2
1933,TUM15748_opa_7,3,1,2
1934,TUM15748_opa_8,2,1,7
1935,TUM15748_opa_9,2,3,4
1936,TUM16691_opa_1,1,1,2
1937,TUM16691_opa_10,1,1,5
1938,TUM16691_opa_11,2,4,2
1939,TUM16691_opa_2,1,4,2
1940,TUM16691_opa_3,1,18,3
1941,TUM16691_opa_4,1,4,5
1942,TUM16691_opa_5,1,2,3
1943,TUM16691_opa_6,1,4,2
1944,TUM16691_opa_7,2,9,5
1945,TUM16691_opa_8,1,1,5
1946,TUM16691_opa_9,3,2,3
1947,UMASS-DGI_1_opa_1,1,3,5
1948,UMASS-DGI_1_opa_10,2,3,4
1949,UMASS-DGI_1_opa_11,1,10,1
1950,UMASS-DGI_1_opa_2,1,6,8
1951,UMASS-DGI_1_opa_3,1,10,1
1952,UMASS-DGI_1_opa_4,1,19,9
1953,UMASS-DGI_1_opa_5,1,6,8
1954,UMASS-DGI_1_opa_6,3,2,3
1955,UMASS-DGI_1_opa_7,2,14,9
1956,UMASS-DGI_1_opa_8,1,5,1
1957,UMASS-DGI_1_opa_9,1,12,1
1958,UMASS-DGI_26_opa_1,1,11,3
1959,UMASS-DGI_26_opa_10,2,14,2
1960,UMASS-DGI_26_opa_11,1,1,6
1961,UMASS-DGI_26_opa_2,1,11,3
1962,UMASS-DGI_26_opa_3,1,11,3
1963,UMASS-DGI_26_opa_4,2,14,2
1964,UMASS-DGI_26_opa_5,1,5,1
1965,UMASS-DGI_26_opa_6,2,2,1
1966,UMASS-DGI_26_opa_7,1,2,7
1967,UMASS-DGI_26_opa_8,3,14,9
1968,UMASS-DGI_26_opa_9,2,14,1
1969,UMASS-DGI_36_opa_1,3,2,3
1970,UMASS-DGI_36_opa_10,2,3,4
1971,UMASS-DGI_36_opa_2,3,6,8
1972,UMASS-DGI_36_opa_3,1,2,7
1973,UMASS-DGI_36_opa_4,3,6,8
1974,UMASS-DGI_36_opa_5,3,2,3
1975,UMASS-DGI_36_opa_6,2,3,4
1976,UMASS-DGI_36_opa_7,3,2,3
1977,UMASS-DGI_36_opa_8,1,10,3
1978,UMASS-DGI_36_opa_9,1,1,5
1979,UMASS-DGI_40_opa_1,1,2,3
1980,UMASS-DGI_40_opa_10,1,10,3
1981,UMASS-DGI_40_opa_2,3,14,9
1982,UMASS-DGI_40_opa_3,1,2,7
1983,UMASS-DGI_40_opa_4,2,6,8
1984,UMASS-DGI_40_opa_5,3,2,3
1985,UMASS-DGI_40_opa_6,2,3,4
1986,UMASS-DGI_40_opa_7,1,10,3
1987,UMASS-DGI_40_opa_8,1,10,3
1988,UMASS-DGI_40_opa_9,2,1,5
1989,UMASS-DGI_46_opa_1,1,16,2
1990,UMASS-DGI_46_opa_10,1,19,9
1991,UMASS-DGI_46_opa_11,1,13,3
1992,UMASS-DGI_46_opa_2,3,16,2
1993,UMASS-DGI_46_opa_3,1,13,3
1994,UMASS-DGI_46_opa_4,1,2,2
1995,UMASS-DGI_46_opa_5,1,5,1
1996,UMASS-DGI_46_opa_6,1,13,2
1997,UMASS-DGI_46_opa_7,2,4,2
1998,UMASS-DGI_46_opa_8,1,13,3
1999,UMASS-DGI_46_opa_9,1,4,2
2000,UMASS-DGI_54_opa_1,1,4,2
2001,UMASS-DGI_54_opa_10,1,1,6
2002,UMASS-DGI_54_opa_11,1,1,2
2003,UMASS-DGI_54_opa_2,1,4,2
2004,UMASS-DGI_54_opa_3,1,1,6
2005,UMASS-DGI_54_opa_4,1,1,2
2006,UMASS-DGI_54_opa_5,3,2,3
2007,UMASS-DGI_54_opa_6,3,5,1
2008,UMASS-DGI_54_opa_7,1,5,1
2009,UMASS-DGI_54_opa_8,1,1,2
2010,UMASS-DGI_54_opa_9,3,2,1
2011,UMASS-DGI_5_opa_1,1,4,2
2012,UMASS-DGI_5_opa_10,1,1,6
2013,UMASS-DGI_5_opa_11,1,1,6
2014,UMASS-DGI_5_opa_2,1,4,2
2015,UMASS-DGI_5_opa_3,1,1,6
2016,UMASS-DGI_5_opa_4,1,1,2
2017,UMASS-DGI_5_opa_5,3,2,3
2018,UMASS-DGI_5_opa_6,3,5,1
2019,UMASS-DGI_5_opa_7,1,5,1
2020,UMASS-DGI_5_opa_8,1,5,1
2021,UMASS-DGI_5_opa_9,3,2,1
2022,UMASS-DGI_65_opa_1,1,5,1
2023,UMASS-DGI_65_opa_10,1,1,6
2024,UMASS-DGI_65_opa_2,1,11,3
2025,UMASS-DGI_65_opa_3,2,14,2
2026,UMASS-DGI_65_opa_4,1,5,1
2027,UMASS-DGI_65_opa_5,2,2,1
2028,UMASS-DGI_65_opa_6,1,5,7
2029,UMASS-DGI_65_opa_7,3,14,9
2030,UMASS-DGI_65_opa_8,2,5,1
2031,UMASS-DGI_65_opa_9,2,14,2
2032,UMASS-DGI_9_opa_1,1,5,1
2033,UMASS-DGI_9_opa_10,2,5,1
2034,UMASS-DGI_9_opa_11,2,9,5
2035,UMASS-DGI_9_opa_2,1,8,9
2036,UMASS-DGI_9_opa_3,2,4,2
2037,UMASS-DGI_9_opa_4,2,5,1
2038,UMASS-DGI_9_opa_5,1,5,1
2039,UMASS-DGI_9_opa_6,2,1,4
2040,UMASS-DGI_9_opa_7,2,9,5
2041,UMASS-DGI_9_opa_8,2,9,5
2042,UMASS-DGI_9_opa_9,2,5,1
2043,WHO_A_2024_opa_1,1,14,3
2044,WHO_A_2024_opa_10,1,2,1
2045,WHO_A_2024_opa_11,1,14,3
2046,WHO_A_2024_opa_2,1,14,9
2047,WHO_A_2024_opa_3,3,1,6
2048,WHO_A_2024_opa_4,1,2,1
2049,WHO_A_2024_opa_5,1,8,9
2050,WHO_A_2024_opa_6,1,2,1
2051,WHO_A_2024_opa_7,1,5,1
2052,WHO_A_2024_opa_8,1,2,3
2053,WHO_A_2024_opa_9,1,5,1
2054,WHO_B_2024_opa_1,3,10,1
2055,WHO_B_2024_opa_10,3,8,9
2056,WHO_B_2024_opa_2,3,5,1
2057,WHO_B_2024_opa_3,1,8,3
2058,WHO_B_2024_opa_4,1,6,8
2059,WHO_B_2024_opa_5,1,8,9
2060,WHO_B_2024_opa_6,2,9,5
2061,WHO_B_2024_opa_7,1,2,3
2062,WHO_B_2024_opa_8,1,5,1
2063,WHO_B_2024_opa_9,1,1,5
2064,WHO_C_2024_opa_1,1,8,2
2065,WHO_C_2024_opa_10,1,5,1
2066,WHO_C_2024_opa_11,1,5,1
2067,WHO_C_2024_opa_2,1,8,9
2068,WHO_C_2024_opa_3,1,15,2
2069,WHO_C_2024_opa_4,5,2,3
2070,WHO_C_2024_opa_5,1,5,1
2071,WHO_C_2024_opa_6,2,5,1
2072,WHO_C_2024_opa_7,2,3,4
2073,WHO_C_2024_opa_8,1,5,1
2074,WHO_C_2024_opa_9,2,5,1
2075,WHO_D_2024_opa_1,5,2,3
2076,WHO_D_2024_opa_10,2,3,4
2077,WHO_D_2024_opa_11,1,1,2
2078,WHO_D_2024_opa_2,5,1,2
2079,WHO_D_2024_opa_3,1,2,4
2080,WHO_D_2024_opa_4,1,1,2
2081,WHO_D_2024_opa_5,1,1,6
2082,WHO_D_2024_opa_6,1,16,2
2083,WHO_D_2024_opa_7,1,1,2
2084,WHO_D_2024_opa_8,1,16,2
2085,WHO_D_2024_opa_9,1,12,1
2086,WHO_E_2024_opa_1,2,20,3
2087,WHO_E_2024_opa_10,2,3,4
2088,WHO_E_2024_opa_11,1,2,4
2089,WHO_E_2024_opa_2,1,4,6
2090,WHO_E_2024_opa_3,1,15,2
2091,WHO_E_2024_opa_4,5,2,2
2092,WHO_E_2024_opa_5,1,2,4
2093,WHO_E_2024_opa_6,1,2,7
2094,WHO_E_2024_opa_7,2,3,7
2095,WHO_E_2024_opa_8,5,1,6
2096,WHO_E_2024_opa_9,2,3,7
2097,WHO_F_2024_opa_1,3,1,2
2098,WHO_F_2024_opa_10,2,1,6
2099,WHO_F_2024_opa_11,2,1,2
2100,WHO_F_2024_opa_2,3,2,1
2101,WHO_F_2024_opa_3,1,5,1
2102,WHO_F_2024_opa_4,2,1,6
2103,WHO_F_2024_opa_5,1,2,1
2104,WHO_F_2024_opa_6,1,2,1
2105,WHO_F_2024_opa_7,1,2,1
2106,WHO_F_2024_opa_8,1,2,1
2107,WHO_F_2024_opa_9,2,2,1
2108,WHO_G_2024_opa_1,4,4,5
2109,WHO_G_2024_opa_10,4,4,2
2110,WHO_G_2024_opa_11,1,1,2
2111,WHO_G_2024_opa_2,5,3,2
2112,WHO_G_2024_opa_3,2,1,4
2113,WHO_G_2024_opa_4,5,2,3
2114,WHO_G_2024_opa_5,2,20,6
2115,WHO_G_2024_opa_6,5,2,3
2116,WHO_G_2024_opa_7,2,1,2
2117,WHO_G_2024_opa_8,4,4,2
2118,WHO_G_2024_opa_9,4,12,1
2119,WHO_H_2024_opa_1,1,7,1
2120,WHO_H_2024_opa_10,4,3,4
2121,WHO_H_2024_opa_11,1,8,9
2122,WHO_H_2024_opa_2,6,21,2
2123,WHO_H_2024_opa_3,4,3,4
2124,WHO_H_2024_opa_4,1,4,5
2125,WHO_H_2024_opa_5,1,9,5
2126,WHO_H_2024_opa_6,4,9,5
2127,WHO_H_2024_opa_7,1,2,3
2128,WHO_H_2024_opa_8,2,9,5
2129,WHO_H_2024_opa_9,4,3,4
2130,WHO_I_2024_opa_1,1,5,1
2131,WHO_I_2024_opa_10,1,7,1
2132,WHO_I_2024_opa_2,1,2,1
2133,WHO_I_2024_opa_3,1,7,1
2134,WHO_I_2024_opa_4,4,2,1
2135,WHO_I_2024_opa_5,1,5,1
2136,WHO_I_2024_opa_6,1,7,1
2137,WHO_I_2024_opa_7,2,9,5
2138,WHO_I_2024_opa_8,2,3,4
2139,WHO_I_2024_opa_9,1,1,2
2140,WHO_J_2024_opa_1,2,1,6
2141,WHO_J_2024_opa_10,1,1,5
2142,WHO_J_2024_opa_11,4,2,7
2143,WHO_J_2024_opa_2,2,7,1
2144,WHO_J_2024_opa_3,1,18,3
2145,WHO_J_2024_opa_4,1,1,5
2146,WHO_J_2024_opa_5,1,12,1
2147,WHO_J_2024_opa_6,2,7,1
2148,WHO_J_2024_opa_7,2,3,4
2149,WHO_J_2024_opa_8,1,1,5
2150,WHO_J_2024_opa_9,1,2,1
2151,WHO_K_2024_opa_1,1,1,2
2152,WHO_K_2024_opa_10,1,4,2
2153,WHO_K_2024_opa_11,1,8,9
2154,WHO_K_2024_opa_2,1,4,2
2155,WHO_K_2024_opa_3,1,18,3
2156,WHO_K_2024_opa_4,1,1,2
2157,WHO_K_2024_opa_5,1,2,3
2158,WHO_K_2024_opa_6,1,4,2
2159,WHO_K_2024_opa_7,2,9,5
2160,WHO_K_2024_opa_8,1,18,5
2161,WHO_K_2024_opa_9,3,2,3
2162,WHO_L_2024_opa_1,2,1,2
2163,WHO_L_2024_opa_10,4,11,3
2164,WHO_L_2024_opa_11,1,2,1
2165,WHO_L_2024_opa_2,4,2,3
2166,WHO_L_2024_opa_3,1,2,1
2167,WHO_L_2024_opa_4,4,2,3
2168,WHO_L_2024_opa_5,4,2,3
2169,WHO_L_2024_opa_6,4,4,2
2170,WHO_L_2024_opa_7,2,1,4
2171,WHO_L_2024_opa_8,1,2,1
2172,WHO_L_2024_opa_9,2,1,4
2173,WHO_M_2024_opa_1,5,2,1
2174,WHO_M_2024_opa_10,2,4,2
2175,WHO_M_2024_opa_11,4,2,7
2176,WHO_M_2024_opa_2,2,2,1
2177,WHO_M_2024_opa_3,2,2,7
2178,WHO_M_2024_opa_4,1,4,2
2179,WHO_M_2024_opa_5,1,1,5
2180,WHO_M_2024_opa_6,1,4,5
2181,WHO_M_2024_opa_7,2,4,5
2182,WHO_M_2024_opa_8,2,4,8
2183,WHO_M_2024_opa_9,2,10,1
2184,WHO_N_2024_opa_1,1,1,2
2185,WHO_N_2024_opa_10,1,5,2
2186,WHO_N_2024_opa_11,1,1,2
2187,WHO_N_2024_opa_2,1,1,4
2188,WHO_N_2024_opa_3,2,1,4
2189,WHO_N_2024_opa_4,1,1,4
2190,WHO_N_2024_opa_5,2,20,6
2191,WHO_N_2024_opa_6,1,13,6
2192,WHO_N_2024_opa_7,1,1,2
2193,WHO_N_2024_opa_8,1,5,2
2194,WHO_N_2024_opa_9,1,5,1
2195,WHO_O_2024_opa_1,2,3,4
2196,WHO_O_2024_opa_10,3,2,3
2197,WHO_O_2024_opa_11,1,1,4
2198,WHO_O_2024_opa_2,2,7,3
2199,WHO_O_2024_opa_3,1,2,4
2200,WHO_O_2024_opa_4,1,1,2
2201,WHO_O_2024_opa_5,1,5,1
2202,WHO_O_2024_opa_6,1,16,2
2203,WHO_O_2024_opa_7,1,2,2
2204,WHO_O_2024_opa_8,1,1,4
2205,WHO_O_2024_opa_9,1,10,1
2206,WHO_P_2024_opa_1,1,1,5
2207,WHO_P_2024_opa_10,2,10,3
2208,WHO_P_2024_opa_11,4,2,7
2209,WHO_P_2024_opa_2,1,4,5
2210,WHO_P_2024_opa_3,1,10,1
2211,WHO_P_2024_opa_4,1,4,5
2212,WHO_P_2024_opa_5,1,4,5
2213,WHO_P_2024_opa_6,2,2,3
2214,WHO_P_2024_opa_7,2,4,5
2215,WHO_P_2024_opa_8,2,10,1
2216,WHO_P_2024_opa_9,2,10,1
2217,WHO_Q_2024_opa_1,1,18,1
2218,WHO_Q_2024_opa_10,2,10,1
2219,WHO_Q_2024_opa_11,2,16,3
2220,WHO_Q_2024_opa_2,1,2,7
2221,WHO_Q_2024_opa_3,1,9,5
2222,WHO_Q_2024_opa_4,2,3,4
2223,WHO_Q_2024_opa_5,1,18,3
2224,WHO_Q_2024_opa_6,1,10,1
2225,WHO_Q_2024_opa_7,1,1,2
2226,WHO_Q_2024_opa_8,1,1,4
2227,WHO_Q_2024_opa_9,2,10,1
2228,WHO_R_2024_opa_1,2,1,2
2229,WHO_R_2024_opa_10,3,3,4
2230,WHO_R_2024_opa_11,2,8,9
2231,WHO_R_2024_opa_2,2,2,3
2232,WHO_R_2024_opa_3,1,6,8
2233,WHO_R_2024_opa_4,4,2,1
2234,WHO_R_2024_opa_5,1,3,7
2235,WHO_R_2024_opa_6,2,8,9
2236,WHO_R_2024_opa_7,2,4,6
2237,WHO_R_2024_opa_8,2,2,3
2238,WHO_R_2024_opa_9,2,8,9
2239,WHO_S2_2024_opa_1,2,4,5
2240,WHO_S2_2024_opa_10,1,8,9
2241,WHO_S2_2024_opa_11,4,2,7
2242,WHO_S2_2024_opa_2,1,1,5
2243,WHO_S2_2024_opa_3,1,4,5
2244,WHO_S2_2024_opa_4,1,1,5
2245,WHO_S2_2024_opa_5,3,15,2
2246,WHO_S2_2024_opa_6,1,2,3
2247,WHO_S2_2024_opa_7,2,4,5
2248,WHO_S2_2024_opa_8,1,8,9
2249,WHO_S2_2024_opa_9,4,10,1
2250,WHO_S_2024_opa_1,1,14,1
2251,WHO_S_2024_opa_10,2,3,4
2252,WHO_S_2024_opa_11,1,14,9
2253,WHO_S_2024_opa_2,1,14,9
2254,WHO_S_2024_opa_3,3,2,1
2255,WHO_S_2024_opa_4,5,2,3
2256,WHO_S_2024_opa_5,1,1,2
2257,WHO_S_2024_opa_6,1,15,2
2258,WHO_S_2024_opa_7,1,1,6
2259,WHO_S_2024_opa_8,1,15,2
2260,WHO_S_2024_opa_9,2,3,4
2261,WHO_T_2024_opa_1,1,1,3
2262,WHO_T_2024_opa_10,1,1,2
2263,WHO_T_2024_opa_11,1,19,9
2264,WHO_T_2024_opa_12,1,1,2
2265,WHO_T_2024_opa_2,1,2,3
2266,WHO_T_2024_opa_3,1,2,3
2267,WHO_T_2024_opa_4,1,1,2
2268,WHO_T_2024_opa_5,1,2,3
2269,WHO_T_2024_opa_6,1,1,2
2270,WHO_T_2024_opa_7,1,1,2
2271,WHO_T_2024_opa_8,1,4,2
2272,WHO_T_2024_opa_9,1,1,2
2273,WHO_U_2024_opa_1,2,6,8
2274,WHO_U_2024_opa_10,2,6,8
2275,WHO_U_2024_opa_11,4,2,7
2276,WHO_U_2024_opa_2,4,6,8
2277,WHO_U_2024_opa_3,2,4,2
2278,WHO_U_2024_opa_4,4,13,6
2279,WHO_U_2024_opa_5,4,2,7
2280,WHO_U_2024_opa_6,1,2,2
2281,WHO_U_2024_opa_7,2,10,1
2282,WHO_U_2024_opa_8,4,6,8
2283,WHO_U_2024_opa_9,2,10,1
2284,WHO_V_2024_opa_1,1,5,1
2285,WHO_V_2024_opa_10,1,2,3
2286,WHO_V_2024_opa_11,3,2,3
2287,WHO_V_2024_opa_2,2,4,3
2288,WHO_V_2024_opa_3,1,7,1
2289,WHO_V_2024_opa_4,1,1,6
2290,WHO_V_2024_opa_5,1,9,5
2291,WHO_V_2024_opa_6,1,1,6
2292,WHO_V_2024_opa_7,2,4,2
2293,WHO_V_2024_opa_8,1,2,3
2294,WHO_V_2024_opa_9,4,12,1
2295,WHO_W_2024_opa_1,1,1,2
2296,WHO_W_2024_opa_10,1,2,3
2297,WHO_W_2024_opa_11,2,4,2
2298,WHO_W_2024_opa_2,1,1,2
2299,WHO_W_2024_opa_3,1,2,3
2300,WHO_W_2024_opa_4,1,1,2
2301,WHO_W_2024_opa_5,1,2,3
2302,WHO_W_2024_opa_6,1,1,5
2303,WHO_W_2024_opa_7,2,9,5
2304,WHO_W_2024_opa_8,1,1,5
2305,WHO_W_2024_opa_9,3,2,1
2306,WHO_X_2024_opa_1,1,1,2
2307,WHO_X_2024_opa_10,1,2,3
2308,WHO_X_2024_opa_11,1,4,5
2309,WHO_X_2024_opa_2,2,4,2
2310,WHO_X_2024_opa_3,1,2,3
2311,WHO_X_2024_opa_4,1,1,2
2312,WHO_X_2024_opa_5,1,18,3
2313,WHO_X_2024_opa_6,1,4,5
2314,WHO_X_2024_opa_7,2,9,5
2315,WHO_X_2024_opa_8,1,2,3
2316,WHO_X_2024_opa_9,3,2,3
2317,WHO_Y_2024_opa_1,1,7,1
2318,WHO_Y_2024_opa_10,1,8,9
2319,WHO_Y_2024_opa_2,6,21,2
2320,WHO_Y_2024_opa_3,4,3,4
2321,WHO_Y_2024_opa_4,1,4,5
2322,WHO_Y_2024_opa_5,1,9,5
2323,WHO_Y_2024_opa_6,4,3,4
2324,WHO_Y_2024_opa_7,2,9,5
2325,WHO_Y_2024_opa_8,1,8,9
2326,WHO_Y_2024_opa_9,4,12,1
2327,WHO_Z_2024_opa_1,1,1,2
2328,WHO_Z_2024_opa_10,1,10,1
2329,WHO_Z_2024_opa_11,1,1,5
2330,WHO_Z_2024_opa_2,1,2,3
2331,WHO_Z_2024_opa_3,3,2,3
2332,WHO_Z_2024_opa_4,1,1,2
2333,WHO_Z_2024_opa_5,1,18,3
2334,WHO_Z_2024_opa_6,1,1,5
2335,WHO_Z_2024_opa_7,2,9,5
2336,WHO_Z_2024_opa_8,1,10,1
2337,WHO_Z_2024_opa_9,3,2,3
2338,WHO_alpha_2024_opa_1,1,7,1
2339,WHO_alpha_2024_opa_10,1,11,3
2340,WHO_alpha_2024_opa_11,2,8,9
2341,WHO_alpha_2024_opa_2,1,11,3
2342,WHO_alpha_2024_opa_3,1,9,5
2343,WHO_alpha_2024_opa_4,1,1,2
2344,WHO_alpha_2024_opa_5,1,7,3
2345,WHO_alpha_2024_opa_6,5,7,3
2346,WHO_alpha_2024_opa_7,2,9,5
2347,WHO_alpha_2024_opa_8,5,11,2
2348,WHO_alpha_2024_opa_9,1,11,3
2349,WHO_beta_2024_opa_1,3,2,2
2350,WHO_beta_2024_opa_10,2,1,4
2351,WHO_beta_2024_opa_11,1,3,4
2352,WHO_beta_2024_opa_2,3,1,6
2353,WHO_beta_2024_opa_3,4,7,3
2354,WHO_beta_2024_opa_4,3,1,6
2355,WHO_beta_2024_opa_5,1,3,4
2356,WHO_beta_2024_opa_6,1,2,2
2357,WHO_beta_2024_opa_7,1,15,6
2358,WHO_beta_2024_opa_8,3,2,2
2359,WHO_beta_2024_opa_9,1,1,2
